Date;Open;High;Low;Close;Predicted Hi-Lo;Predicted Median Price;Predicted Close
2005.08.24;1.223;1.2278;1.216;1.2269;1.019601824974054;1.2350070826482549;1.182347581394725
2005.08.25;1.2268;1.2325;1.2254;1.2296;0.5935044899454452;1.2304035431520433;1.2036430057114362
2005.08.26;1.2298;1.2339;1.2269;1.2287;0.39932027766386174;1.2295762985645553;1.2151625026709694
2005.08.29;1.2279;1.2343;1.2216;1.2222;0.2989651547614379;1.2303561699555203;1.2208033227797692
2005.08.30;1.2221;1.2237;1.2169;1.2216;0.23974531257525392;1.2292577994491796;1.2217330365866763
2005.08.31;1.2215;1.2354;1.2185;1.2337;0.1992351632152521;1.225965507133476;1.2217460169849124
2005.09.01;1.2341;1.2524;1.2324;1.2492;0.1715266273682908;1.2281267927416533;1.2269172878124532
2005.09.02;1.2491;1.2587;1.2464;1.2529;0.15057725786138326;1.235335544569405;1.2370990683744993
2005.09.05;1.2535;1.2583;1.2512;1.2541;0.13327561087648318;1.2420022395738428;1.243717328251865
2005.09.06;1.254;1.2541;1.2441;1.2461;0.11903950640282539;1.247741061058267;1.2474975831213497
2005.09.07;1.246;1.2533;1.2404;1.241;0.10806522851252069;1.2493327366770737;1.2465801668762584
2005.09.08;1.2409;1.245;1.238;1.2396;0.09934380799475855;1.2490383428257732;1.245659965617199
2005.09.09;1.2397;1.2457;1.2375;1.2407;0.09154870597158415;1.2457412719238654;1.2441009221728636
2005.09.12;1.2403;1.2414;1.227;1.2276;0.08498373646902048;1.243305141103556;1.2426353625280653
2005.09.13;1.2281;1.2315;1.2243;1.2268;0.08005979923406199;1.237540887341291;1.2354963779884158
2005.09.14;1.2269;1.2331;1.2257;1.2281;0.07492414082394351;1.2324052832666206;1.2320215388722282
2005.09.15;1.2283;1.2284;1.2191;1.222;0.07054978724558268;1.229885736355459;1.2305780905002668
2005.09.16;1.2221;1.2308;1.2198;1.2235;0.06716380340007277;1.2262010595171466;1.227155556323908
2005.09.19;1.2158;1.2171;1.2098;1.2135;0.06417781128379096;1.225030977802578;1.2256459719634125
2005.09.20;1.2136;1.2187;1.211;1.2118;0.061599290378632134;1.2194516422768724;1.2192266718412375
2005.09.21;1.2117;1.2237;1.2111;1.2223;0.059180073753650066;1.217050991277216;1.2156111770859883
2005.09.22;1.2222;1.2269;1.2129;1.2147;0.05692093297153903;1.2180620818654593;1.2188046512516093
2005.09.23;1.2149;1.2165;1.2037;1.2037;0.055119421186877605;1.2173686626420268;1.2168261416285866
2005.09.26;1.2024;1.2079;1.2008;1.2068;0.05361270290896365;1.2131001874943323;1.2096757473313886
2005.09.27;1.2067;1.208;1.1976;1.2016;0.051658842162021636;1.2100423327106107;1.2081227235593686
2005.09.28;1.2013;1.2054;1.199;1.2041;0.05020966029359412;1.2067992215968448;1.2052899893922437
2005.09.29;1.2039;1.2073;1.2005;1.2033;0.048515461884257996;1.2049121012840212;1.2054207384882571
2005.09.30;1.2032;1.2089;1.1996;1.2025;0.04695123289293717;1.2035035346500573;1.2039119826742715
2005.10.03;1.2018;1.2031;1.1901;1.1917;0.0456817795532013;1.2033897410815273;1.2019220395339973
2005.10.04;1.1916;1.1945;1.1899;1.1918;0.044712084483660694;1.1997553407682624;1.197311354809868
2005.10.05;1.1917;1.2016;1.1914;1.2011;0.0433391777670287;1.1965991303852916;1.1955926072185807
2005.10.06;1.201;1.2201;1.1991;1.2179;0.04219162000693035;1.1972259788069592;1.1980445936578912
2005.10.07;1.2181;1.2181;1.2091;1.2127;0.04129544371423904;1.2039593208571795;1.2067171300674377
2005.10.10;1.2117;1.2151;1.2038;1.2064;0.04017514857724643;1.207010825374718;1.208218606670193
2005.10.11;1.2065;1.2066;1.1974;1.1986;0.03919735208898304;1.2081152816524472;1.2065154539421141
2005.10.12;1.1988;1.2052;1.1952;1.2026;0.03828517841128767;1.2062228437639173;1.202741289565727
2005.10.13;1.2028;1.2039;1.1912;1.2022;0.037346467613220476;1.205094663158299;1.2041869904761668
2005.10.14;1.2024;1.2107;1.1979;1.2072;0.036595612041430914;1.202275763276575;1.204027720456407
2005.10.17;1.2076;1.2119;1.201;1.2016;0.03579125643572115;1.2028716034156703;1.2049782724993072
2005.10.18;1.2017;1.2019;1.1914;1.1964;0.035036778821245805;1.2028812211304358;1.202253113238233
2005.10.19;1.1965;1.2001;1.1873;1.1994;0.03429677507877024;1.1999737945948385;1.1998736415097002
2005.10.20;1.1993;1.2022;1.1946;1.2016;0.03362578140087537;1.1981591404150769;1.2002431180977946
2005.10.21;1.2017;1.2076;1.1927;1.1952;0.032942719321841556;1.1989394950371464;1.2016677420393538
2005.10.24;1.1942;1.2019;1.1921;1.1976;0.03260768568059992;1.1985796211772601;1.1986014311624225
2005.10.25;1.1975;1.2116;1.1934;1.2108;0.032019170508760464;1.1976228500347907;1.1975281305042738
2005.10.26;1.2109;1.2134;1.2047;1.2056;0.0315013204632313;1.2009580874507009;1.2027605033954225
2005.10.27;1.2058;1.2171;1.2041;1.2135;0.030879753028934614;1.2041495393039419;1.2039054910937685
2005.10.28;1.2138;1.2168;1.2048;1.2068;0.030227551684776494;1.207504011483537;1.208763287092645
2005.10.31;1.2058;1.2088;1.1966;1.1979;0.0297635181660088;1.2084372089339601;1.2074086679480331
2005.11.01;1.198;1.2039;1.197;1.2032;0.02944855152357595;1.2061648977849428;1.2028648569718334
2005.11.02;1.2031;1.2082;1.1985;1.2071;0.02878560328825213;1.2048434047387486;1.2034897226122974
2005.11.03;1.2073;1.2079;1.1934;1.194;0.02822919077872562;1.2042456627178475;1.2059533773926523
2005.11.04;1.1942;1.1991;1.1801;1.1811;0.028013711888011418;1.2010759761862153;1.2003668020086649
2005.11.07;1.1802;1.1831;1.1774;1.1787;0.027960999380600208;1.1946470215807181;1.192074662437103
2005.11.08;1.1786;1.1796;1.1707;1.1779;0.02755174317534697;1.1876947207937902;1.185624090066417
2005.11.09;1.1778;1.1786;1.1714;1.1765;0.027328856121061944;1.1823829444853522;1.1830738599763466
2005.11.10;1.1764;1.1796;1.1675;1.1689;0.027032542445254246;1.178679698461667;1.1810641152766082
2005.11.11;1.169;1.1732;1.1669;1.1732;0.026983572927332923;1.1746305997081712;1.1751539226698922
2005.11.14;1.1719;1.1773;1.1659;1.1691;0.026739841489250984;1.1726759027245846;1.1726951352755495
2005.11.15;1.169;1.1726;1.1639;1.1718;0.026636123641089186;1.1716589318805248;1.1709901515461039
2005.11.16;1.1717;1.1735;1.1644;1.167;0.02638150218125676;1.1710223706226477;1.1718702439014228
2005.11.17;1.1671;1.1759;1.1641;1.174;0.02623583335710866;1.169820472962435;1.169603837244416
2005.11.18;1.1742;1.1794;1.1661;1.1773;0.02603452918081699;1.1710557022841515;1.1706984897331831
2005.11.21;1.1778;1.1834;1.1717;1.1723;0.02582999296865162;1.172496469634523;1.1729447310831966
2005.11.22;1.1724;1.1823;1.1683;1.182;0.02558189724378263;1.1740675830641518;1.1725985619460082
2005.11.23;1.1819;1.1865;1.1761;1.181;0.025236249099592656;1.175793830251213;1.1762111235424555
2005.11.24;1.1811;1.1823;1.1769;1.1777;0.02489561876578149;1.1783405167229808;1.178025590261555
2005.11.25;1.1776;1.1781;1.171;1.1722;0.024486124144682545;1.1789295239177662;1.1778839527691074
2005.11.28;1.1705;1.19;1.1679;1.1844;0.024126707928788314;1.1772108849673253;1.1756461739148136
2005.11.29;1.1845;1.1859;1.1736;1.1765;0.023961390131505264;1.179117870748897;1.1797017799520373
2005.11.30;1.1766;1.1801;1.1752;1.1789;0.023743937201415592;1.178418686916989;1.1781666116661682
2005.12.01;1.1788;1.1801;1.1688;1.1736;0.02329350864218225;1.1780379531471137;1.1787742878744392
2005.12.02;1.1735;1.1748;1.1659;1.1716;0.023049447808326764;1.176115440935578;1.1761856861478017
2005.12.05;1.1696;1.1817;1.1688;1.1791;0.02281502770552775;1.174208563274904;1.1746797823320205
2005.12.06;1.179;1.1806;1.1754;1.1778;0.022568181079947302;1.1752044916047326;1.1769430782952368
2005.12.07;1.1779;1.1801;1.1703;1.1712;0.022241620326088667;1.1756087457974664;1.1773523719777927
2005.12.08;1.1713;1.1847;1.1703;1.1816;0.02211643594027479;1.17456652853531;1.1739075878024943
2005.12.09;1.1817;1.1836;1.1764;1.181;0.021872905110978308;1.1770195869975395;1.1776449026468574
2005.12.12;1.1787;1.1979;1.1784;1.1951;0.021566807343049787;1.1782190960053383;1.17875699786593
2005.12.13;1.1952;1.1986;1.1904;1.1933;0.021398684170858863;1.1839282882486895;1.186330807993137
2005.12.14;1.1934;1.2059;1.1933;1.1989;0.0210728226850905;1.1878855160087542;1.1889747630392429
2005.12.15;1.199;1.2037;1.1936;1.1969;0.02077783501327664;1.1933968266582684;1.192632997636183
2005.12.16;1.1968;1.2026;1.1936;1.2011;0.020471127275954272;1.1961772908221038;1.1941179206910604
2005.12.19;1.2029;1.2037;1.1973;1.1999;0.020100176401187143;1.1981483638425081;1.197996218941524
2005.12.20;1.2002;1.2011;1.1839;1.1861;0.019764914130115677;1.1993741256720762;1.1991035076667493
2005.12.21;1.1859;1.191;1.18;1.183;0.019745366309432227;1.1957931480725172;1.1941250623482689
2005.12.22;1.1831;1.1895;1.1808;1.1871;0.01957059943266695;1.1908082709199141;1.1891590543546964
2005.12.23;1.187;1.1883;1.1827;1.1862;0.01933107521956437;1.1882101531534155;1.188967852739651
2005.12.26;1.1856;1.1894;1.1829;1.1845;0.019072176525923187;1.186354533963455;1.1878726880793433
2005.12.27;1.1846;1.1874;1.1824;1.1827;0.018889367403411232;1.1850754215043935;1.186907870084188
2005.12.28;1.1828;1.1929;1.1811;1.1834;0.0187066320190875;1.1841095630312288;1.1845276381500118
2005.12.29;1.1832;1.1878;1.1815;1.1838;0.018677461456007582;1.1850293316454397;1.1836492089332407
2005.12.30;1.184;1.1885;1.1775;1.1846;0.018542406097859412;1.184910563467734;1.18397959316527
2006.01.02;1.184;1.1864;1.1799;1.1816;0.018483196393773972;1.184306739983229;1.184764001081935
2006.01.03;1.1818;1.2029;1.1808;1.2013;0.01838285230467257;1.1838857099923443;1.182703996106159
2006.01.04;1.2011;1.2143;1.2011;1.2106;0.018308194027334496;1.1891743394821317;1.1908831304767356
2006.01.05;1.2105;1.2119;1.2065;1.2098;0.01806312280109126;1.1970076077058454;1.1989292041854034
2006.01.06;1.2099;1.2179;1.2078;1.215;0.01776603674919263;1.2020987328018757;1.2029426260898823
2006.01.09;1.2144;1.2153;1.2051;1.2079;0.01746911706267475;1.208200202101814;1.2078051192717723
2006.01.10;1.2078;1.2108;1.2034;1.2056;0.017299308077293737;1.2099953371383732;1.2081659134835758
2006.01.11;1.2058;1.2141;1.2044;1.2138;0.017077546829756794;1.209639376542346;1.2079389727007042
2006.01.12;1.2136;1.2162;1.2005;1.2029;0.016816989464020476;1.210365454554925;1.211413314887047
2006.01.13;1.2031;1.2143;1.2028;1.214;0.016772481092265163;1.2081924273122207;1.207371397834109
2006.01.16;1.215;1.2173;1.2106;1.2113;0.01652584493010895;1.2089168918257378;1.2106324387722214
2006.01.17;1.2114;1.2139;1.205;1.2114;0.01624017759195161;1.2098100493439614;1.2110530511467088
2006.01.18;1.2112;1.2158;1.2069;1.2116;0.01608403004967741;1.2097841517563426;1.2114721904395993
2006.01.19;1.2117;1.2124;1.2052;1.2089;0.015959279019331692;1.2105825725729367;1.212060418395269
2006.01.20;1.209;1.2144;1.2039;1.2135;0.015849737525883437;1.209893482932383;1.2108793195078857
2006.01.23;1.2141;1.231;1.2141;1.2294;0.015778445796452503;1.2103995143801247;1.2116798128578898
2006.01.24;1.2295;1.2321;1.2254;1.2267;0.015646475937405636;1.2168296915072976;1.2202094808272554
2006.01.25;1.2268;1.2321;1.2234;1.224;0.015443608827135894;1.2210473384680276;1.222400281454528
2006.01.26;1.2242;1.2268;1.2196;1.2204;0.01529369740572555;1.223947021776739;1.2226838120164474
2006.01.27;1.2206;1.2234;1.2084;1.2092;0.015126556037508579;1.2240096799315605;1.2215968295582444
2006.01.30;1.2103;1.2113;1.2062;1.209;0.015184116039350154;1.2204787769467742;1.2169835319604816
2006.01.31;1.2091;1.2188;1.2077;1.2146;0.015071143185843848;1.215692370685204;1.2142135830402838
2006.02.01;1.2143;1.2162;1.2046;1.2056;0.014974500489732631;1.2140062920058732;1.2149220213463905
2006.02.02;1.2055;1.2106;1.2031;1.2085;0.014994395097053014;1.2107507576079841;1.2099747458426287
2006.02.03;1.2086;1.2111;1.1967;1.2023;0.014875323951266265;1.2085327278183127;1.2093565684968401
2006.02.06;1.2031;1.2045;1.1945;1.1971;0.014915647289854757;1.2056986019025364;1.206190633600934
2006.02.07;1.197;1.2014;1.194;1.1984;0.014990404501269365;1.2026328492040903;1.2024952559633377
2006.02.08;1.1983;1.1992;1.1922;1.1956;0.014995688409628383;1.200509847689904;1.2009303523184622
2006.02.09;1.1958;1.1994;1.1945;1.1984;0.015017720053986066;1.1980176545314072;1.1983699186347962
2006.02.10;1.1985;1.2024;1.1891;1.1904;0.014974993049120415;1.1976740283588687;1.197303870946027
2006.02.13;1.1896;1.1918;1.1875;1.19;0.015070095676664246;1.196020368341452;1.1943304195628126
2006.02.14;1.1899;1.1922;1.1858;1.1911;0.015007569603336346;1.1929920362720972;1.192086324444426
2006.02.15;1.1912;1.1953;1.1869;1.1891;0.01498980826494279;1.1916582053795743;1.1914869253509122
2006.02.16;1.1892;1.1907;1.1847;1.1902;0.014980172943530365;1.1913319771728565;1.1908649475911197
2006.02.17;1.1901;1.1942;1.1857;1.1939;0.01492718358939883;1.1899207216401118;1.1900792646849219
2006.02.20;1.1924;1.1973;1.1922;1.1935;0.014873661443885964;1.1903736023736526;1.1914690659390506
2006.02.21;1.1934;1.1936;1.189;1.1906;0.014773093714605716;1.1920169422077502;1.19179440018399
2006.02.22;1.1907;1.1928;1.1861;1.1909;0.014680485566467848;1.1919521184179056;1.1912094224496292
2006.02.23;1.191;1.1967;1.189;1.1917;0.014594270827806106;1.1911498099375644;1.1913722056225786
2006.02.24;1.1918;1.1932;1.1862;1.1875;0.014520332103192828;1.1920984843530726;1.1912694782348126
2006.02.27;1.1862;1.1877;1.1825;1.1845;0.014476005664673457;1.191026272984908;1.1895914899389763
2006.02.28;1.1844;1.1939;1.1833;1.1927;0.014390757235375936;1.1880759796506213;1.187500851887007
2006.03.01;1.1926;1.1972;1.1889;1.192;0.01429868225711149;1.1889104110170805;1.1897699162961097
2006.03.02;1.1921;1.2044;1.1912;1.2032;0.01422260610692324;1.1904373639423718;1.1905898682212934
2006.03.03;1.2031;1.2051;1.1994;1.2044;0.014111703092838919;1.1941140888022288;1.1962613072468324
2006.03.06;1.205;1.2092;1.1988;1.2006;0.013951778861294797;1.1974812828586592;1.1992410342020081
2006.03.07;1.2005;1.202;1.1867;1.1885;0.013900452600913032;1.2005406880473322;1.1995370762928959
2006.03.08;1.1886;1.1939;1.1872;1.1926;0.013961882532477468;1.1979607099967808;1.1949349773098294
2006.03.09;1.1927;1.1951;1.1898;1.1905;0.013851095831774726;1.1954808860639745;1.1946774977955124
2006.03.10;1.1904;1.1926;1.1859;1.1907;0.013771776889307332;1.1938055205359286;1.1927206551731568
2006.03.13;1.1914;1.1967;1.1912;1.1959;0.01368053495046448;1.1917607266868564;1.1922601437817624
2006.03.14;1.1958;1.203;1.1939;1.2013;0.013517818006280845;1.1919009979046755;1.1935023014791852
2006.03.15;1.2014;1.2072;1.2005;1.2066;0.01341001302755445;1.194716774284697;1.1966991731300218
2006.03.16;1.2065;1.2188;1.2035;1.2169;0.013268665159245569;1.1989920374456493;1.2007894900544391
2006.03.17;1.217;1.2206;1.2139;1.2189;0.013190910712486285;1.2054033354615765;1.2085873259287623
2006.03.20;1.2176;1.2195;1.2145;1.2159;0.013043336391224385;1.2111451335373777;1.212704804873868
2006.03.21;1.216;1.2165;1.2075;1.2111;0.012918704355861456;1.2146295080197125;1.2135328692230873
2006.03.22;1.211;1.2113;1.2064;1.2076;0.012822785441511237;1.2144233444528503;1.2128046677559103
2006.03.23;1.2077;1.2079;1.1953;1.1967;0.012696133275241248;1.2124021155534777;1.2110062526711192
2006.03.24;1.1966;1.2044;1.195;1.2035;0.012722584397749134;1.207211959298563;1.2052096566005173
2006.03.27;1.2038;1.2057;1.2004;1.2014;0.012617727709386047;1.2039270839854208;1.2051997851246676
2006.03.28;1.2013;1.2105;1.1991;1.1998;0.012520635777883057;1.2019765997457774;1.203273305915819
2006.03.29;1.1999;1.2047;1.1979;1.2022;0.01249606529511992;1.2018602901321385;1.202081481020362
2006.03.30;1.2021;1.2171;1.202;1.2165;0.012420117327386711;1.2010916247188246;1.20171220159937
2006.03.31;1.2164;1.2174;1.2082;1.2118;0.012398496542792327;1.205806033759204;1.2085682535342437
2006.04.03;1.2116;1.2146;1.2032;1.213;0.012408236904318784;1.208711890450018;1.2096056002275728
2006.04.04;1.2129;1.2275;1.2118;1.2258;0.012408103343350836;1.2099724591840781;1.2112251718053615
2006.04.05;1.2259;1.2304;1.2242;1.229;0.012351468139519425;1.2155958667452589;1.2174068043517747
2006.04.06;1.2289;1.2331;1.2195;1.2216;0.012208671388548226;1.2214926620316204;1.221933786573526
2006.04.07;1.2215;1.2224;1.209;1.2091;0.012172961810305425;1.2233752452222806;1.2219039325534415
2006.04.10;1.2104;1.2128;1.2074;1.2112;0.012185303267128704;1.2194145399197032;1.21652733035029
2006.04.11;1.2111;1.2153;1.2089;1.2139;0.012089655326018297;1.2162092336760553;1.2140392152291304
2006.04.12;1.2138;1.2167;1.2065;1.2102;0.011997633596903902;1.214839793033974;1.2151681762573674
2006.04.13;1.2103;1.2131;1.2068;1.2107;0.011950472079916384;1.2120772078339066;1.2138637818747113
2006.04.14;1.2108;1.2117;1.2098;1.2109;0.01189395358876997;1.2101744259621123;1.2117227038990448
2006.04.17;1.2119;1.2286;1.2119;1.2255;0.011794995405436255;1.2100362735415278;1.210585387306136
2006.04.18;1.2256;1.2367;1.2222;1.2362;0.011749462461643257;1.215564005299652;1.2178823639278866
2006.04.19;1.2363;1.2393;1.2284;1.2375;0.01169625844955775;1.2223928829711037;1.226743361458398
2006.04.20;1.2376;1.2377;1.2285;1.2313;0.011655854256777249;1.2278917163636225;1.2308395436181045
2006.04.21;1.2315;1.2358;1.2266;1.234;0.011627349983371846;1.2310732650591347;1.2298805069389618
2006.04.24;1.237;1.2413;1.2331;1.2381;0.01153353854797724;1.2331048481376787;1.232086781765073
2006.04.25;1.2383;1.2437;1.2365;1.2426;0.01139873185872964;1.2357518992204277;1.2356735420008835
2006.04.26;1.2425;1.2469;1.2384;1.2446;0.011248930916783511;1.2381053789068945;1.2391330910744038
2006.04.27;1.2445;1.2546;1.2403;1.2527;0.011120752861837982;1.2401086984338194;1.2411152415492248
2006.04.28;1.2528;1.2639;1.2519;1.2634;0.011010619456577582;1.2441904381117599;1.2465914419644681
2006.05.01;1.2628;1.2688;1.2553;1.2565;0.010827227397568985;1.2512321740184416;1.254690911444671
2006.05.02;1.2566;1.2666;1.2557;1.261;0.010763287414198873;1.255350143711655;1.2561720600855861
2006.05.03;1.2611;1.2667;1.2589;1.2629;0.01065090885291931;1.2586105814182276;1.2585878680902172
2006.05.04;1.2628;1.2723;1.2569;1.2696;0.01053466603307894;1.2612427601805047;1.2604721742326974
2006.05.05;1.2695;1.2764;1.2674;1.2726;0.010468406249492803;1.2643641634223313;1.2653609841391322
2006.05.08;1.2745;1.2786;1.2692;1.2702;0.010327850121579272;1.267669800817671;1.2694022049224614
2006.05.09;1.2704;1.2781;1.2661;1.2762;0.010230258501364548;1.269692996721054;1.2698450131405743
2006.05.10;1.2761;1.2832;1.2751;1.2782;0.010137369835064984;1.27171638019534;1.2726058871421808
2006.05.11;1.2783;1.2871;1.2684;1.2835;0.010007659614615602;1.2752374875611472;1.2760010071253094
2006.05.12;1.2836;1.2956;1.2829;1.2926;0.009987232628457734;1.2776253495141898;1.2803353006298337
2006.05.15;1.2945;1.2971;1.2778;1.2799;0.009895453483420186;1.2834199415012517;1.2863991819536331
2006.05.16;1.2798;1.2867;1.277;1.2858;0.009967990351478127;1.2840705413006201;1.2831205850456266
2006.05.17;1.2856;1.292;1.2701;1.2727;0.009880092104594885;1.2844416019207041;1.2845964079616936
2006.05.18;1.2728;1.2872;1.2724;1.2856;0.00999631624932593;1.2818833275098813;1.2796171908700786
2006.05.19;1.2855;1.2864;1.2693;1.2777;0.009956243506818818;1.2823025165162323;1.2833753203218483
2006.05.22;1.276;1.2884;1.2693;1.2858;0.010045628555421631;1.2792557827989204;1.2806807554936386
2006.05.23;1.2859;1.2878;1.2777;1.2783;0.010081930932523688;1.2798932750122878;1.283310203259596
2006.05.24;1.2781;1.289;1.273;1.2756;0.01008747002780509;1.2796950748495906;1.2803688576061083
2006.05.25;1.2755;1.2827;1.2747;1.2827;0.010147228545864364;1.2799152995951006;1.2786035049611633
2006.05.26;1.2825;1.2832;1.2699;1.2737;0.010099036883145365;1.2795044549783727;1.2804372428233066
2006.05.29;1.2725;1.2768;1.2717;1.2747;0.010203358645451233;1.277984716665225;1.2774944773863626
2006.05.30;1.2748;1.2908;1.2742;1.2874;0.010185898806260132;1.2764525102903574;1.2760963794279316
2006.05.31;1.2873;1.2902;1.2805;1.2816;0.010196376767929267;1.2800262492281207;1.281679382109553
2006.06.01;1.2817;1.2823;1.2723;1.2813;0.010205593937223756;1.2812479113504165;1.2810788077798263
2006.06.02;1.2814;1.2939;1.2796;1.2917;0.010209791909218167;1.280223727231323;1.2809691547576767
2006.06.05;1.2925;1.2978;1.2897;1.2903;0.01016963855291937;1.2846262234983177;1.286178421777259
2006.06.06;1.2902;1.2933;1.2809;1.2823;0.010133654874579097;1.2883409262460435;1.288123765400346
2006.06.07;1.2824;1.2836;1.276;1.2801;0.010168477176755574;1.2874030116716928;1.2855821617582692
2006.06.08;1.2803;1.2808;1.2626;1.2651;0.01014327239582482;1.2840729726540432;1.2829846902507716
2006.06.09;1.2652;1.2683;1.2596;1.2638;0.01031495931682894;1.2779838045068792;1.2743014970681774
2006.06.12;1.2613;1.265;1.2565;1.2581;0.010344943677121124;1.2717145255011677;1.2706103542500915
2006.06.13;1.258;1.2614;1.253;1.2543;0.010377699235167868;1.2646971400512765;1.2653160218430697
2006.06.14;1.2542;1.2647;1.2534;1.2605;0.010452848961380622;1.2598059753313453;1.2595487607841895
2006.06.15;1.2604;1.2657;1.2581;1.2631;0.010507605650373801;1.258978817473373;1.2593553545227412
2006.06.16;1.263;1.2671;1.2617;1.2641;0.01051063942136223;1.2594980583472446;1.2609859093954785
2006.06.19;1.2647;1.2651;1.2552;1.2574;0.010531388742059234;1.2610908960081253;1.262028295688431
2006.06.20;1.2575;1.2615;1.2538;1.2584;0.010638264607757101;1.260757132738182;1.2594096505697234
2006.06.21;1.2585;1.2676;1.2581;1.2666;0.010686108156142547;1.2600682797707041;1.258783120339728
2006.06.22;1.2665;1.2678;1.255;1.2569;0.010690438528094901;1.262565088835165;1.2620355700243502
2006.06.23;1.257;1.2587;1.2478;1.2506;0.010779322240718578;1.261352290336306;1.259595349629408
2006.06.26;1.2507;1.2602;1.2501;1.2586;0.010837392707845164;1.2571837022749364;1.2550268070505763
2006.06.27;1.2587;1.2618;1.2562;1.2574;0.01080650601607256;1.256982705232321;1.2564856602624959
2006.06.28;1.2573;1.2585;1.2516;1.2548;0.010757764240801078;1.2574474714193902;1.2568570832127395
2006.06.29;1.2547;1.2669;1.252;1.2666;0.010739890588904531;1.255959705531933;1.256307757990718
2006.06.30;1.2667;1.2794;1.2656;1.279;0.010731038426956324;1.2584274881229407;1.2610744063890844
2006.07.03;1.2786;1.2821;1.2761;1.2791;0.01069911539604146;1.2658519876570582;1.2683625454627117
2006.07.04;1.2792;1.2821;1.2787;1.279;0.010599948481836778;1.2719383626292218;1.2732332988952777
2006.07.05;1.2789;1.2838;1.2707;1.2724;0.01044620564199136;1.2759090445711097;1.276139165731156
2006.07.06;1.2723;1.2782;1.2719;1.2778;0.010457275484370723;1.277072386971533;1.2740171478821118
2006.07.07;1.2777;1.2861;1.2766;1.281;0.01036239518914244;1.2780507076320706;1.2761868922309816
2006.07.10;1.2813;1.2816;1.2721;1.2739;0.010265645758388483;1.279586349170951;1.2795265965295257
2006.07.11;1.2738;1.2777;1.2706;1.2766;0.010231442177638952;1.2774537402910362;1.2770745237510097
2006.07.12;1.2767;1.2778;1.2675;1.2701;0.010146387433070721;1.2761271006140993;1.2766381106451095
2006.07.13;1.2702;1.2729;1.2664;1.2692;0.010116590696196344;1.2740435015857245;1.2739654630027084
2006.07.14;1.2691;1.2697;1.2626;1.2652;0.010064399212109311;1.27179525378538;1.2724210360101769
2006.07.17;1.2636;1.2646;1.251;1.252;0.010073219598391263;1.2685487331487906;1.2695552246743989
2006.07.18;1.2519;1.2558;1.2473;1.2506;0.010216795164247176;1.2622593697280262;1.261497278443673
2006.07.19;1.2507;1.2608;1.2457;1.2593;0.010287746616371087;1.2571055382772973;1.2558794653841334
2006.07.20;1.2594;1.2653;1.2588;1.2627;0.010364180086249291;1.2558111352182986;1.2579165687016445
2006.07.21;1.2629;1.2696;1.2626;1.2693;0.010352204340409447;1.2575585516584038;1.2598696781639156
2006.07.24;1.2702;1.2706;1.261;1.2633;0.010329677311736321;1.2614657740177813;1.2634149799689467
2006.07.25;1.2632;1.2671;1.2563;1.258;0.010367687226317203;1.2630339706157012;1.2624495175133634
2006.07.26;1.2579;1.2724;1.2559;1.2713;0.010440703258393733;1.2627229843470662;1.2599972309942402
2006.07.27;1.2714;1.277;1.2681;1.2696;0.01046958718271582;1.265681459574913;1.2659228649932583
2006.07.28;1.2697;1.2769;1.2659;1.2758;0.010457527811583881;1.2681661167923088;1.2678420164143043
2006.07.31;1.2764;1.2782;1.274;1.2767;0.010418949257563986;1.2704515409457724;1.2708048989903074
2006.08.01;1.2768;1.283;1.2719;1.2821;0.0102873077013882;1.2731620126534078;1.2730164143384028
2006.08.02;1.282;1.2834;1.2775;1.2789;0.01020528006112342;1.2763816298157105;1.277080622005903
2006.08.03;1.2788;1.2833;1.2742;1.2803;0.010107363411696577;1.278313468084871;1.2786996967347355
2006.08.04;1.2804;1.2908;1.2776;1.2873;0.01004744297347954;1.2789947872870466;1.2802034216320441
2006.08.07;1.2883;1.2893;1.2815;1.2817;0.01000183524705579;1.282196418462659;1.283358900549856
2006.08.08;1.2816;1.2891;1.2807;1.2821;0.009951895666614639;1.2832441894742412;1.2827366106015032
2006.08.09;1.2822;1.2902;1.2764;1.2863;0.009862536200590105;1.2837235379903218;1.2827472643548028
2006.08.10;1.2864;1.2911;1.2747;1.2793;0.009837185815314725;1.2841224313322768;1.284790506938385
2006.08.11;1.2794;1.2798;1.2715;1.272;0.009902831791769496;1.2830774216768361;1.282386347249771
2006.08.14;1.2712;1.2762;1.2708;1.2722;0.009910353030963236;1.278994531907638;1.2780697455208354
2006.08.15;1.2723;1.2803;1.2695;1.2784;0.00986683142396624;1.2760236280925605;1.2754254480126128
2006.08.16;1.2785;1.2863;1.277;1.2843;0.009870216805431828;1.2758012381816453;1.2768235616485493
2006.08.17;1.2842;1.2886;1.2813;1.2826;0.009833166288714014;1.2784170249609095;1.2805861408076276
2006.08.18;1.2825;1.2844;1.278;1.2824;0.009799020050293495;1.2802951047600282;1.2810939672380854
2006.08.21;1.2827;1.2937;1.2827;1.2885;0.009781719216048874;1.2809194121674976;1.2810045975824629
2006.08.22;1.2886;1.2887;1.2784;1.2804;0.009762941013608764;1.2850960737979271;1.284898350405079
2006.08.23;1.2803;1.2851;1.2775;1.2787;0.009793041737712766;1.2844075532699128;1.2831663429245694
2006.08.24;1.2788;1.2841;1.275;1.2764;0.009785569702878897;1.2828945273423256;1.2812414201795521
2006.08.25;1.2765;1.2783;1.2725;1.2751;0.009798787931485212;1.2810170514007133;1.27855378820227
2006.08.28;1.2758;1.282;1.2754;1.2786;0.009768374825646377;1.278417045611357;1.277007859192237
2006.08.29;1.2785;1.2838;1.275;1.283;0.009710852242811414;1.2781414943559628;1.2781416634309122
2006.08.30;1.2829;1.2852;1.2811;1.2837;0.009668738900989828;1.2786882291878376;1.2805779154047976
2006.08.31;1.2836;1.2878;1.2785;1.2804;0.00962164931168581;1.2803730433254037;1.2814562025182847
2006.09.01;1.2805;1.2846;1.2754;1.2835;0.00963137406060962;1.281395369387899;1.281082132115529
2006.09.04;1.2845;1.2874;1.2839;1.286;0.009611600386474989;1.2816387197085501;1.2823152953793164
2006.09.05;1.2861;1.2864;1.2795;1.2816;0.00955787324929857;1.283825954354683;1.2839503073434435
2006.09.06;1.2817;1.2832;1.277;1.2805;0.009544709650568755;1.283466280142214;1.2830100438482015
2006.09.07;1.2804;1.283;1.2706;1.2734;0.009516517318716668;1.2821196169291775;1.2816823290748534
2006.09.08;1.2735;1.2739;1.2651;1.2673;0.00957948551650816;1.2791719122421432;1.2777599850619854
2006.09.11;1.2667;1.2739;1.2648;1.2697;0.00961200761147302;1.2744122134533145;1.2731454547444832
2006.09.12;1.2698;1.2732;1.2671;1.2682;0.009624373054840013;1.2718065404084864;1.2718840199727173
2006.09.13;1.2683;1.2716;1.2666;1.2697;0.009620947417706692;1.2699469499949128;1.2702753857507925
2006.09.14;1.2696;1.2752;1.2675;1.2723;0.009609311857885156;1.2691131922820762;1.269466258605561
2006.09.15;1.2724;1.2735;1.263;1.2665;0.009607889787998506;1.26998379073101;1.2704071325513726
2006.09.18;1.2634;1.271;1.2631;1.2702;0.009677797706649212;1.2686763527009222;1.2684388810652794
2006.09.19;1.2703;1.2725;1.265;1.2671;0.009699365629088866;1.2687503209650823;1.2691910765076322
2006.09.20;1.267;1.2727;1.2665;1.2688;0.00972370031999139;1.268475246567567;1.2683465698036078
2006.09.21;1.2687;1.2797;1.2682;1.278;0.009710772192827831;1.2691149107859792;1.2681952130149377
2006.09.22;1.2781;1.2829;1.2776;1.2783;0.009695739178733957;1.2720965604687393;1.272454112744531
2006.09.25;1.2789;1.2818;1.2731;1.2745;0.009624782061553282;1.2752569708741495;1.2748214890863676
2006.09.26;1.2746;1.2761;1.2662;1.2683;0.009616557200790495;1.2760392743585223;1.2743192496393936
2006.09.27;1.2682;1.2717;1.2671;1.2701;0.009633866952786483;1.2739253789813232;1.2718663843733236
2006.09.28;1.2702;1.2732;1.2678;1.2694;0.009584584950173648;1.2723095364227637;1.2713948920893512
2006.09.29;1.2695;1.2713;1.2639;1.2673;0.009551663696294914;1.2715452790594086;1.2707929896986643
2006.10.02;1.2682;1.2757;1.2662;1.2737;0.009538682736474822;1.269221416604435;1.269353152559733
2006.10.03;1.2738;1.2764;1.2719;1.2729;0.00950657668742096;1.2698902810983728;1.271035814444636
2006.10.04;1.273;1.2738;1.2668;1.2715;0.009452013515812773;1.2713144419454554;1.2715659351362458
2006.10.05;1.2716;1.2725;1.267;1.2692;0.009430476277514902;1.2710257550736628;1.2716211229931282
2006.10.06;1.2693;1.2714;1.2572;1.2599;0.009411124228292864;1.270407034381888;1.2710182447859908
2006.10.09;1.2589;1.2613;1.2584;1.2593;0.009529460802268757;1.2673585977837676;1.265804462458112
2006.10.10;1.2594;1.2612;1.2517;1.2533;0.00951913392727889;1.2640665491802803;1.2625462220239645
2006.10.11;1.2534;1.2556;1.2502;1.2523;0.009581163965274173;1.25962830289877;1.2584953655202353
2006.10.12;1.2522;1.2565;1.2516;1.2558;0.009588237992865584;1.2560787278356003;1.2554772673718517
2006.10.13;1.256;1.2577;1.2482;1.2512;0.00957576661371126;1.2547744621136738;1.255377241510844
2006.10.16;1.2501;1.2536;1.2489;1.2532;0.009629101328562109;1.2530530518180174;1.2532802991496357
2006.10.17;1.2533;1.2564;1.2508;1.2536;0.009636545527696279;1.252123637903718;1.252923872362475
2006.10.18;1.2537;1.2557;1.2501;1.2533;0.009648146501901728;1.2528397702782739;1.2530376107568035
2006.10.19;1.2534;1.2641;1.2532;1.2623;0.00965950765559395;1.2530070409338667;1.2530260262099218
2006.10.20;1.2622;1.2638;1.2596;1.261;0.009662206989491696;1.2564994533020317;1.2570021416989852
2006.10.23;1.2615;1.262;1.2535;1.2547;0.009622767502040311;1.2586230490473955;1.2584674681423753
2006.10.24;1.2548;1.2575;1.2524;1.2553;0.009644146675322415;1.2581125343963837;1.2561872220326296
2006.10.25;1.2554;1.2621;1.2553;1.2607;0.009598920005530863;1.2573754551528369;1.2558972333835492
2006.10.26;1.2606;1.2701;1.2605;1.2687;0.009539515351669067;1.2585319434318083;1.2585544077785695
2006.10.27;1.2688;1.2749;1.2662;1.274;0.009483926144947134;1.2621924137100569;1.263288478569792
2006.10.30;1.273;1.2734;1.2698;1.2715;0.00940708032085347;1.2660183449053797;1.2681018410217677
2006.10.31;1.2716;1.2782;1.2677;1.2764;0.009312644045828732;1.268419095141136;1.2689466089453938
2006.11.01;1.2762;1.2797;1.2742;1.2754;0.009253812273695693;1.2719362075370813;1.2726097043536657
2006.11.02;1.2755;1.2784;1.2736;1.2778;0.00915900025391455;1.27454555216857;1.274565971660767
2006.11.03;1.2777;1.2791;1.2681;1.2716;0.00907414370511607;1.2758172730948794;1.2766266661124273
2006.11.06;1.2715;1.2732;1.2689;1.2732;0.009078573087014817;1.274786188913526;1.2741856785929346
2006.11.07;1.2731;1.2818;1.2721;1.2782;0.008999908221166848;1.2736081243098099;1.2738082515988949
2006.11.08;1.2783;1.2806;1.2745;1.2757;0.008934682005668862;1.2752829580309308;1.2763795542176526
2006.11.09;1.2758;1.2847;1.2749;1.2837;0.008871529670696918;1.275579455870461;1.2765100903594415
2006.11.10;1.2836;1.2899;1.2829;1.284;0.008816467736167538;1.2778408698888042;1.279828002481525
2006.11.13;1.285;1.2877;1.2795;1.2807;0.008763063856633788;1.2814221933314431;1.2816952211040695
2006.11.14;1.2808;1.287;1.2789;1.281;0.00874352758870165;1.2822764296926137;1.2811112525634116
2006.11.15;1.2809;1.2833;1.2772;1.283;0.008714961932465523;1.282703676464572;1.2816135844715288
2006.11.16;1.2829;1.284;1.2783;1.2797;0.008676077797967375;1.2822157441130644;1.2824631792386048
2006.11.17;1.2796;1.2844;1.2761;1.2828;0.008654046798225845;1.2817411045910774;1.2810826278837215
2006.11.20;1.2825;1.285;1.2804;1.2816;0.008622027389014502;1.2814177789785839;1.2823843261257801
2006.11.21;1.2815;1.2853;1.2797;1.2846;0.008563164013158982;1.2812770893026393;1.2818421361416503
2006.11.22;1.2847;1.2956;1.2839;1.2941;0.008521446761397567;1.2821700464145045;1.2830430609848325
2006.11.23;1.2942;1.2974;1.2927;1.2952;0.008477576755247887;1.2864386451988281;1.288572415528429
2006.11.24;1.2949;1.3109;1.2946;1.3093;0.008411697692105854;1.2901850160356418;1.291662572269286
2006.11.27;1.3159;1.3161;1.3085;1.3132;0.008388539667953228;1.2975463588565834;1.2998625445506453
2006.11.28;1.3133;1.3208;1.3118;1.3192;0.00829793443736074;1.30482299431668;1.3057846919802987
2006.11.29;1.3193;1.3217;1.3131;1.3152;0.008208895453964193;1.3114278606863494;1.3120357107894491
2006.11.30;1.3151;1.3273;1.314;1.3238;0.008136358922923498;1.3148624158785556;1.3138283304432974
2006.12.01;1.3239;1.3347;1.3219;1.3336;0.008061434612800285;1.3191989909045403;1.3192255381505604
2006.12.04;1.3363;1.3363;1.3281;1.3339;0.007967758122223821;1.3248674864421177;1.3264014995983529
2006.12.05;1.334;1.3362;1.3286;1.3315;0.00785975619585727;1.3286155853107993;1.3306511691273477
2006.12.06;1.3316;1.334;1.3254;1.3279;0.007752093387365023;1.330435535030127;1.3312259004802895
2006.12.07;1.328;1.3323;1.3275;1.3283;0.0076846712667747955;1.3304617115828623;1.330459304583406
2006.12.08;1.3282;1.3364;1.3189;1.32;0.00758850521219691;1.3304010823641899;1.3301815352828936
2006.12.11;1.3182;1.326;1.3129;1.325;0.007645941931521824;1.3279794454837102;1.3267149182176152
2006.12.12;1.3248;1.3291;1.3211;1.3283;0.007657284628589581;1.3245695964587114;1.3261859611018958
2006.12.13;1.3284;1.3287;1.319;1.3207;0.007636996726473686;1.3245723857658906;1.327192586234421
2006.12.14;1.3208;1.3252;1.314;1.3152;0.007656207653371615;1.3234104944438891;1.3243145754929386
2006.12.15;1.3151;1.3186;1.3059;1.3079;0.007699135052790529;1.3205526488773853;1.3201844472731812
2006.12.18;1.3082;1.3117;1.3051;1.3098;0.007800539367328544;1.3156752210569311;1.3141921418749696
2006.12.19;1.3097;1.3214;1.3082;1.3196;0.00784348906674422;1.3124544894852073;1.3118880797842072
2006.12.20;1.3197;1.3244;1.3159;1.3175;0.007896457280307224;1.314148544348916;1.315906866791253
2006.12.21;1.3176;1.3212;1.314;1.318;0.007924704568485952;1.315441726785987;1.3165746245160075
2006.12.22;1.3179;1.3211;1.3107;1.3128;0.007942375163558108;1.316178135764943;1.3160014280565604
2006.12.25;1.3129;1.3131;1.3126;1.3129;0.00799807955120097;1.31602894005291;1.313881593115642
2006.12.26;1.3138;1.3139;1.309;1.3101;0.007960168979828292;1.3150508624056723;1.3137415549870062
2006.12.27;1.3102;1.3177;1.3094;1.3127;0.007974685699922567;1.3134804528265878;1.3125559204768054
2006.12.28;1.3125;1.3201;1.3105;1.3148;0.007988790131652823;1.3133299068518758;1.3127662887233644
2006.12.29;1.3149;1.3205;1.3137;1.3198;0.008007757282473774;1.313882687673357;1.3127922569399586
2007.01.01;1.3197;1.3197;1.3197;1.3197;0.007972024820665636;1.3156885308968511;1.3160104764510592
2007.01.02;1.3232;1.3296;1.3232;1.3277;0.007879304354285466;1.3172463123278118;1.317672448180093
2007.01.03;1.3278;1.3289;1.3145;1.3163;0.007817377784744048;1.322321140243231;1.3229181881376038
2007.01.04;1.3164;1.3179;1.3075;1.3091;0.007899417296231552;1.3214426373673194;1.3196385852313872
2007.01.05;1.309;1.3104;1.298;1.3001;0.007957164242962654;1.3172742063213239;1.3146391370985928
2007.01.08;1.301;1.3035;1.2971;1.3029;0.008050430371969515;1.310822358376014;1.307829749571294
2007.01.09;1.3028;1.3052;1.2985;1.2992;0.008055472113184931;1.3063236378247256;1.3060872094489324
2007.01.10;1.2993;1.3;1.293;1.2939;0.008074444477279223;1.3026432546846773;1.3030354201837293
2007.01.11;1.2938;1.3014;1.2881;1.2895;0.008112685088633794;1.2983071222768796;1.2983394563171367
2007.01.12;1.2894;1.2944;1.2865;1.2922;0.008225403206566314;1.294997347796407;1.29311140146609
2007.01.15;1.2925;1.2956;1.2914;1.2934;0.008283733376776199;1.2928252355805814;1.2927220278492855
2007.01.16;1.2933;1.2988;1.2907;1.2916;0.00830536133748093;1.2925198113994207;1.2933485136633212
2007.01.17;1.2915;1.2949;1.2896;1.2939;0.00837704863011866;1.293029200367778;1.2922192989717989
2007.01.18;1.2938;1.2975;1.2895;1.2959;0.008406089041208289;1.292861554926712;1.2920494719406694
2007.01.19;1.296;1.2998;1.2912;1.296;0.00844442061005509;1.2937684360492774;1.2930806092691118
2007.01.22;1.2956;1.2976;1.2921;1.2941;0.00846474587252739;1.2949256932661588;1.2944582254634716
2007.01.23;1.2942;1.3042;1.2927;1.3019;0.008460170866112803;1.2948679245228307;1.294313672033463
2007.01.24;1.302;1.3034;1.2946;1.2962;0.008463086517660205;1.2973115718746768;1.2978415249215407
2007.01.25;1.2961;1.3;1.2913;1.2925;0.008475525775743627;1.2977161068072158;1.2965468845344654
2007.01.26;1.2924;1.2943;1.2876;1.2914;0.008487385838331082;1.2966659748712355;1.2946911376401953
2007.01.29;1.2921;1.2965;1.2896;1.2957;0.00847308868515941;1.2941148954184585;1.2932980806127592
2007.01.30;1.2958;1.298;1.2942;1.2963;0.008450076187275831;1.2941201906506505;1.2946584073875902
2007.01.31;1.2962;1.3036;1.2923;1.3021;0.008405985558505162;1.2948143956711449;1.2954918083561409
2007.02.01;1.3022;1.3055;1.3001;1.3021;0.008392988637975886;1.2966234900637998;1.298739945384584
2007.02.02;1.302;1.3063;1.2949;1.2959;0.008351695882694599;1.2990027353556377;1.2995958302303143
2007.02.05;1.2955;1.2964;1.2912;1.2928;0.00838905643758875;1.2994354264424977;1.2980240001116699
2007.02.06;1.2927;1.299;1.2911;1.2983;0.008367708476025934;1.2971241500251594;1.295802373269604
2007.02.07;1.2982;1.3022;1.2971;1.3014;0.008357010853213076;1.296961847141771;1.2974944463524034
2007.02.08;1.3015;1.3041;1.2973;1.3036;0.008316739647866554;1.2985256871763335;1.2992616995035062
2007.02.09;1.3037;1.3042;1.2982;1.3006;0.008284293298743311;1.2996088849950616;1.301154659217849
2007.02.12;1.3015;1.3034;1.2939;1.296;0.008249743714298843;1.2998572095621528;1.3004661242150883
2007.02.13;1.2959;1.3042;1.2953;1.3034;0.008267406225078607;1.2991922795944486;1.2984153150905118
2007.02.14;1.3033;1.3149;1.3022;1.3131;0.008237348875536846;1.3006030835924731;1.3012084137762145
2007.02.15;1.3132;1.3171;1.3117;1.3135;0.008220671754181686;1.3048463775658818;1.307555614732403
2007.02.16;1.3136;1.3143;1.3092;1.3136;0.00816711458029062;1.308915507341693;1.3097218995222597
2007.02.19;1.3154;1.316;1.3121;1.3149;0.008112287795503917;1.3107832699297908;1.3109445169214358
2007.02.20;1.315;1.3187;1.3128;1.3135;0.00802531944986357;1.313059080316439;1.3128357028465403
2007.02.21;1.3134;1.3164;1.311;1.3141;0.007975028350996768;1.3146779110020148;1.3138515980705807
2007.02.22;1.314;1.3141;1.3079;1.3125;0.007921474079693;1.3146712733236805;1.3146568733038577
2007.02.23;1.3124;1.3186;1.31;1.3167;0.00789261249179053;1.3129619140563917;1.3137579971609978
2007.02.26;1.3176;1.3196;1.3149;1.3188;0.007856249594389865;1.3142039326958046;1.3151251826615784
2007.02.27;1.3187;1.3258;1.3159;1.3238;0.007780977759361858;1.3157388525094054;1.317197583020322
2007.02.28;1.3237;1.3237;1.318;1.3223;0.007734003468907553;1.318305697730215;1.320784908641298
2007.03.01;1.3224;1.3238;1.3153;1.3173;0.00769717372060498;1.3195786180089117;1.3213008673748623
2007.03.02;1.3174;1.3199;1.3141;1.319;0.00770727232993894;1.3197268272700537;1.319425670018502
2007.03.05;1.3207;1.321;1.307;1.308;0.007676553744581092;1.3192010397026934;1.3195367487876573
2007.03.06;1.3081;1.313;1.308;1.3127;0.007761811948655262;1.3158373546539415;1.3145832782743303
2007.03.07;1.3128;1.3185;1.3109;1.3179;0.007737236188285866;1.3137232657843503;1.3137015018117049
2007.03.08;1.3178;1.3181;1.3115;1.3134;0.007716674108157396;1.3141882548650103;1.315612955480268
2007.03.09;1.3133;1.3159;1.3086;1.3116;0.007715774927448005;1.3137330637304176;1.3143740851267844
2007.03.12;1.3115;1.32;1.3108;1.3189;0.007721873740687336;1.3125938395449894;1.313125112161079
2007.03.13;1.319;1.3221;1.3155;1.3191;0.007712726446046467;1.314609932483309;1.3158641477159367
2007.03.14;1.3192;1.3244;1.3175;1.3215;0.007717775284867455;1.316517997641621;1.3171508068339044
2007.03.15;1.3216;1.3251;1.3193;1.3239;0.007701103472792641;1.3189749132143713;1.3194971776024083
2007.03.16;1.3238;1.3338;1.3238;1.3316;0.007665590443935901;1.3207756094723064;1.3213381689811012
2007.03.19;1.3317;1.3324;1.328;1.3306;0.007640065935462506;1.3255634147770012;1.325765087137826
2007.03.20;1.3307;1.3323;1.3268;1.3317;0.007582839518048414;1.3281047344643435;1.328174014848893
2007.03.21;1.3316;1.339;1.3288;1.3388;0.007520282842956791;1.3294264574872838;1.3303288733170522
2007.03.22;1.3389;1.341;1.331;1.3325;0.0074806573084993415;1.3328732718445695;1.3343882998667314
2007.03.23;1.3324;1.3342;1.3281;1.3282;0.007475365934958611;1.334145832500108;1.3338117071972015
2007.03.26;1.3286;1.3346;1.3253;1.333;0.0074376713887930644;1.332458527269045;1.3314755338209066
2007.03.27;1.3329;1.3368;1.3323;1.3358;0.007405613777097212;1.3319579096153982;1.3325818926898285
2007.03.28;1.3357;1.3373;1.3308;1.3313;0.0073470280217277405;1.333397663856948;1.3342668021877229
2007.03.29;1.3314;1.3353;1.3301;1.3331;0.007327001591223582;1.3330430672344553;1.3333657325469968
2007.03.30;1.333;1.3399;1.3287;1.3354;0.007279945807665711;1.332646254085045;1.3333595998002892
2007.04.02;1.3374;1.3382;1.3331;1.3366;0.0073010764455857125;1.3335770554697337;1.334048986859991
2007.04.03;1.3367;1.338;1.3318;1.3328;0.007271424540552304;1.3349435579577127;1.3355970125893946
2007.04.04;1.3329;1.338;1.3318;1.3369;0.00725923737183579;1.3344012978487554;1.3347011245757725
2007.04.05;1.337;1.344;1.3353;1.3429;0.007236988121561016;1.3351159003383284;1.335609938834772
2007.04.06;1.3431;1.3432;1.3364;1.3378;0.007225636762819389;1.337975404874224;1.3388850638471437
2007.04.09;1.3374;1.3378;1.3339;1.3356;0.007216874833667155;1.3385416822691176;1.3384583482327117
2007.04.10;1.3355;1.3454;1.3349;1.3431;0.007187257348328926;1.3371768063279417;1.3372148668417445
2007.04.11;1.343;1.3441;1.3406;1.3434;0.00717959802907179;1.3395143462662957;1.340103843768464
2007.04.12;1.3433;1.3505;1.343;1.3486;0.0071359660596910755;1.3410258997124491;1.3417685259260965
2007.04.13;1.3487;1.3554;1.3481;1.3527;0.007093448914062279;1.3440798384781645;1.345394329076816
2007.04.16;1.3566;1.3576;1.3526;1.3529;0.007046873999910729;1.3478366567193532;1.348696373027614
2007.04.17;1.353;1.3593;1.3525;1.3574;0.006999681575079495;1.3512378119484592;1.350398586051799
2007.04.18;1.3573;1.3615;1.3555;1.3611;0.006943133470065437;1.3543780990617271;1.3541990518499603
2007.04.19;1.3612;1.3618;1.356;1.3618;0.006876828913539914;1.3571355408760344;1.358088344070892
2007.04.20;1.3617;1.3636;1.3585;1.359;0.00683580780943448;1.358896213186195;1.3598995161714764
2007.04.23;1.3603;1.3607;1.354;1.3577;0.006787863552930779;1.3599748677172203;1.3599831953392723
2007.04.24;1.3576;1.3643;1.3547;1.3637;0.006747865371462565;1.3590309364877986;1.3590540792253045
2007.04.25;1.3638;1.3665;1.3621;1.3643;0.006719129351217802;1.3601728545416052;1.361807574790258
2007.04.26;1.3644;1.3653;1.3584;1.3591;0.006659250535988637;1.3619696602647535;1.3634351501669084
2007.04.27;1.3592;1.3681;1.3585;1.3651;0.006645209687366118;1.3613278552090349;1.361563098276703
2007.04.30;1.3641;1.3678;1.3589;1.3642;0.0066294373871693835;1.3626946178059656;1.363464956064484
2007.05.01;1.3641;1.3673;1.359;1.3604;0.006632200160813883;1.3631716611344433;1.363825614502442
2007.05.02;1.3605;1.3612;1.356;1.3583;0.006643753280742872;1.3628960442948372;1.3625920229969777
2007.05.03;1.3582;1.3622;1.3546;1.3551;0.006636306496841363;1.3607180060951423;1.3606131097198533
2007.05.04;1.3552;1.361;1.3535;1.3591;0.00665568845013372;1.3590389365936941;1.3579995342869708
2007.05.07;1.3595;1.3627;1.359;1.3597;0.006660058278514836;1.358581560346197;1.3584760510403737
2007.05.08;1.3598;1.362;1.3515;1.3543;0.006628446336890676;1.359008995585446;1.359301364449405
2007.05.09;1.3544;1.3565;1.3519;1.3527;0.00668150110149997;1.35712555030372;1.356676358073338
2007.05.10;1.3525;1.3563;1.3464;1.3476;0.006687877271819772;1.3554864310683858;1.3545593451448805
2007.05.11;1.3475;1.3531;1.3461;1.3524;0.0067446354293604635;1.3529428308040379;1.351317995995411
2007.05.14;1.3528;1.3557;1.3523;1.3541;0.006758889060956702;1.351827263747225;1.3520131121443628
2007.05.15;1.354;1.3608;1.3526;1.3592;0.006749482360334211;1.3523316851648308;1.3528539010754903
2007.05.16;1.3593;1.3609;1.3503;1.3514;0.0067554090113927075;1.354657905719969;1.355524828189502
2007.05.17;1.3516;1.3544;1.3476;1.3497;0.006810265747862542;1.3541914865586646;1.3529785065116071
2007.05.18;1.3494;1.3521;1.3464;1.3507;0.006828420111621937;1.3527687350946973;1.3513579424188704
2007.05.21;1.3517;1.3525;1.3435;1.3463;0.006834023554324075;1.3515436006298502;1.3512233073496502
2007.05.22;1.3464;1.3475;1.3438;1.3449;0.0068849879797702775;1.349792331503162;1.3490599411365352
2007.05.23;1.345;1.3501;1.3415;1.3455;0.006884378861424566;1.347338274644797;1.347015554015212
2007.05.24;1.3456;1.3461;1.3414;1.3431;0.006909630779657119;1.3462854351844165;1.3458674703868947
2007.05.25;1.343;1.3472;1.3411;1.3442;0.006918126516451158;1.3446099226193897;1.3439773999999205
2007.05.28;1.3447;1.3458;1.3444;1.3447;0.006921749468734624;1.344198345429151;1.3445426581641011
2007.05.29;1.3448;1.3519;1.3419;1.3446;0.006892331410084517;1.344293094359362;1.3445665374041729
2007.05.30;1.3447;1.3457;1.3406;1.3429;0.0069385928946529155;1.345166404331045;1.3443027033400876
2007.05.31;1.3428;1.3477;1.3423;1.3451;0.006952214428607978;1.3442376514873482;1.3432763944002546
2007.06.01;1.3452;1.3463;1.3391;1.3448;0.006946846731496048;1.3446341465807474;1.3441891462214444
2007.06.04;1.3442;1.3499;1.3431;1.3493;0.006962001649336141;1.3442592721785895;1.344173871747203
2007.06.05;1.3494;1.3553;1.3487;1.3517;0.006950268274484129;1.3457820908812421;1.3469736900562073
2007.06.06;1.3518;1.3538;1.3485;1.3498;0.00692670127961474;1.3485686609305785;1.3489684569101472
2007.06.07;1.3497;1.3512;1.3422;1.3426;0.0069099060868342945;1.3496327242170876;1.3490223699982486
2007.06.08;1.3425;1.3428;1.332;1.3372;0.006940682865201868;1.347865547142786;1.3458046159639347
2007.06.11;1.3361;1.3364;1.3332;1.3357;0.006994486424584414;1.3433068438174471;1.3422205677133234
2007.06.12;1.3358;1.3368;1.3301;1.3302;0.006992192119009282;1.3394343059530434;1.339291031780432
2007.06.13;1.3303;1.3315;1.3262;1.3309;0.007032686947449519;1.33562570999054;1.3352192521894715
2007.06.14;1.3308;1.3323;1.3279;1.3308;0.007042003684254211;1.3319637168304093;1.3329214226017967
2007.06.15;1.3309;1.3388;1.3305;1.3388;0.007053159950198694;1.3303645277188647;1.331281280251732
2007.06.18;1.3381;1.3417;1.3377;1.3414;0.007057348235058402;1.3327534938560643;1.3347935584576587
2007.06.19;1.3415;1.3436;1.3383;1.3423;0.00704281829322576;1.3358376972795971;1.3377908980955642
2007.06.20;1.3424;1.3437;1.3395;1.34;0.0070476227515086694;1.3384395409939485;1.3397611878160816
2007.06.21;1.3399;1.3406;1.3371;1.3386;0.007046776162542162;1.340231463530886;1.3392970657734649
2007.06.22;1.3391;1.347;1.3381;1.3469;0.007039570329168864;1.3404808822524814;1.33866796890648
2007.06.25;1.3467;1.3473;1.3438;1.3462;0.007022081350590426;1.3427023416930264;1.3431101056088843
2007.06.26;1.3463;1.3478;1.3431;1.3458;0.006977414995999513;1.3440443609635164;1.3445744721248345
2007.06.27;1.3457;1.3458;1.3414;1.3452;0.006937708512323608;1.3448103228254626;1.3449118174172008
2007.06.28;1.3451;1.3481;1.3422;1.3446;0.006889949145800826;1.3446327728801732;1.3450624244309748
2007.06.29;1.3445;1.3541;1.343;1.354;0.006855900528358195;1.345042966156973;1.3452673997550535
2007.07.02;1.3543;1.3637;1.3527;1.3631;0.00683716933441032;1.3478771564076706;1.350074014804285
2007.07.03;1.3632;1.3634;1.3583;1.3608;0.006805462182705761;1.3533078939516894;1.3565490923169945
2007.07.04;1.3609;1.363;1.3604;1.3612;0.006764323549925909;1.3566484266172825;1.357987199666458
2007.07.05;1.3613;1.3659;1.3578;1.3593;0.006690106586339575;1.3596154907962257;1.3595194480144923
2007.07.06;1.3591;1.3641;1.3567;1.3626;0.006659686414866468;1.3611208903159935;1.3597795317702717
2007.07.09;1.3634;1.3638;1.361;1.3626;0.006629556740288238;1.3618323565257688;1.3618872936334296
2007.07.10;1.3625;1.3785;1.3594;1.3769;0.0065741927677612335;1.3621647990764496;1.3626727774619507
2007.07.11;1.3767;1.3779;1.373;1.3744;0.006581293113713804;1.366943172818301;1.3698794233842952
2007.07.12;1.3743;1.3797;1.3742;1.3787;0.00651911313581976;1.3703400649728275;1.3717717986767228
2007.07.13;1.3786;1.3813;1.3762;1.3782;0.006440119518631957;1.3740371420770465;1.3755079870605706
2007.07.16;1.3779;1.3804;1.3758;1.3772;0.006372137910522578;1.3767210964586776;1.377000481343866
2007.07.17;1.3773;1.3798;1.3757;1.3782;0.0063352428459511525;1.377996455765622;1.3776920851388368
2007.07.18;1.3784;1.3833;1.3752;1.3805;0.006288169105577435;1.378449803462957;1.378549314449388
2007.07.19;1.3807;1.383;1.3785;1.3797;0.006264093893881692;1.3792038048497766;1.3799964917859688
2007.07.20;1.3798;1.3842;1.3778;1.3826;0.00622480737169862;1.3796789051479033;1.379635432872916
2007.07.23;1.383;1.3843;1.3794;1.3806;0.006182083335764893;1.380644110141651;1.3818211902604702
2007.07.24;1.3805;1.3851;1.3798;1.3827;0.006137914871601414;1.3809357524468746;1.381269208901421
2007.07.25;1.3826;1.3829;1.3695;1.3724;0.006111746803592559;1.3818618107512652;1.3824300705484882
2007.07.26;1.3725;1.3771;1.3692;1.374;0.006181756560339123;1.3786064511065368;1.3777857734910322
2007.07.27;1.3739;1.3753;1.3626;1.3635;0.006198623945325547;1.3761930803754512;1.376231846456949
2007.07.30;1.3613;1.3704;1.3609;1.3697;0.006287175023123016;1.3715511247189118;1.3699416929630568
2007.07.31;1.3696;1.3726;1.367;1.3677;0.00631413677363191;1.3692543130342267;1.3701439617883913
2007.08.01;1.3678;1.3709;1.3637;1.3676;0.006326992455497506;1.368166189487761;1.368564374557511
2007.08.02;1.3674;1.3705;1.3651;1.3701;0.006354224901079439;1.367438832621248;1.3678946433533359
2007.08.03;1.3699;1.3818;1.3683;1.3773;0.006364751161819414;1.3675377745792106;1.3683002976176166
2007.08.06;1.3834;1.3839;1.378;1.3794;0.0064095558742319645;1.3716251934389705;1.3729416995701018
2007.08.07;1.3793;1.3815;1.3735;1.3743;0.006404523260567891;1.375715913310571;1.3756699225138458
2007.08.08;1.3742;1.3825;1.3721;1.3794;0.006435567242732514;1.3763623106506715;1.374665188927612
2007.08.09;1.3793;1.3816;1.3654;1.3679;0.0064432829956446985;1.3778293464187723;1.3768755611751822
2007.08.10;1.368;1.3705;1.3643;1.3693;0.00654304518461186;1.375511303515326;1.3725374077676333
2007.08.13;1.3685;1.3707;1.3603;1.3607;0.006538999733452369;1.3722763598910426;1.371435303684832
2007.08.14;1.3608;1.3625;1.353;1.3535;0.0065910272783263795;1.3676333532493474;1.3664642693013394
2007.08.15;1.3536;1.3536;1.3417;1.3423;0.006652533091121125;1.3620305140071722;1.3599217847820118
2007.08.16;1.3422;1.3446;1.336;1.3427;0.006757817979296784;1.3535005884255362;1.3513232810279248
2007.08.17;1.3426;1.3545;1.3369;1.3474;0.006819600881775104;1.346778415263504;1.3473711684795984
2007.08.20;1.3477;1.3507;1.3459;1.3475;0.0069511409467624815;1.3454739555088189;1.3472773302343897
2007.08.21;1.3476;1.3519;1.3456;1.3462;0.006995414245150384;1.3456189658751307;1.3469074005667
2007.08.22;1.3461;1.3551;1.345;1.355;0.0070444502444158;1.3456646075397138;1.3455933236132827
2007.08.23;1.3552;1.3587;1.3534;1.3567;0.007093033716488422;1.3489914168540333;1.3490602955273077
2007.08.24;1.3565;1.3681;1.3553;1.3675;0.007112847211112701;1.3527423736601139;1.3524220028740082
2007.08.27;1.3669;1.3684;1.3635;1.3639;0.007138141530838613;1.3586161482800354;1.3599210919852678
2007.08.28;1.3641;1.368;1.36;1.36;0.007125280356354123;1.3618105383816137;1.3611841427896185
2007.08.29;1.3602;1.368;1.3562;1.3674;0.0071331236934877;1.3631545265964944;1.360000768822945
2007.08.30;1.3673;1.3676;1.3592;1.3631;0.00711030787212598;1.364675553749113;1.363890433813686
2007.08.31;1.3632;1.3719;1.362;1.3628;0.007087759638755218;1.364224119388244;1.3641510847680047
2007.09.03;1.3629;1.3654;1.3605;1.3623;0.007075011623558723;1.364984221901745;1.3641203634815435
2007.09.04;1.3624;1.3625;1.355;1.3607;0.007026610128996266;1.3637316667134993;1.363178870722113
2007.09.05;1.3608;1.3671;1.3569;1.3649;0.007017000812949601;1.3614972832371723;1.3618410178358995
2007.09.06;1.3648;1.3709;1.3634;1.3689;0.007007347790748535;1.3623894558204896;1.3641631089762345
2007.09.07;1.3688;1.3798;1.3663;1.3767;0.006975048302364144;1.3647232527403497;1.366843374611305
2007.09.10;1.378;1.3815;1.3765;1.3805;0.006990662422117433;1.3688676854140898;1.3715256233861042
2007.09.11;1.3806;1.3847;1.3778;1.3838;0.0069344332581897546;1.3738993522541807;1.3754684261819734
2007.09.12;1.3837;1.3913;1.3824;1.3905;0.00688643884428324;1.3785463987977038;1.3792281803470978
2007.09.13;1.3904;1.3927;1.3862;1.3865;0.0068374877221499715;1.38397980763657;1.3851199278701014
2007.09.14;1.3866;1.3895;1.3843;1.3874;0.006798477888145415;1.386609771439691;1.3862429595670904
2007.09.17;1.3869;1.3888;1.3848;1.3858;0.006747839316894445;1.387641471569639;1.387006200290883
2007.09.18;1.3859;1.3987;1.3828;1.3982;0.0066867707920017705;1.3875719142470113;1.386709899694253
2007.09.19;1.3981;1.3987;1.3936;1.3966;0.006663936720916108;1.3909374843727933;1.3930890157287956
2007.09.20;1.3965;1.4098;1.3962;1.4068;0.0065949537775302595;1.3931033045985792;1.3953093428549794
2007.09.21;1.4067;1.4119;1.4043;1.409;0.006553739705308476;1.398542972424706;1.4013308568270872
2007.09.24;1.4091;1.4129;1.4067;1.4078;0.0064919264699400585;1.4033688142155567;1.4048401922939715
2007.09.25;1.408;1.4154;1.406;1.4145;0.006440617349763185;1.406770364363611;1.4068044074754478
2007.09.26;1.4144;1.4161;1.4111;1.4131;0.006388401077186189;1.4102012377676827;1.4111388390651127
2007.09.27;1.413;1.4189;1.4124;1.4146;0.006339132475278816;1.4122062143394736;1.412700909714998
2007.09.28;1.4145;1.4277;1.4145;1.4266;0.006296736001226189;1.4141871775386223;1.4138523119826345
2007.10.01;1.4279;1.4281;1.421;1.4232;0.0062535845487567574;1.4188785046124872;1.420866655552936
2007.10.02;1.4231;1.4237;1.4138;1.4149;0.006203080276278841;1.4212529509757346;1.4219297486406075
2007.10.03;1.415;1.4199;1.4083;1.4091;0.006205881651817549;1.419817925083428;1.419220946016656
2007.10.04;1.4092;1.4149;1.4067;1.4134;0.006219711640847014;1.4168378577567944;1.4150050617687313
2007.10.05;1.4135;1.4156;1.4031;1.4134;0.00621774786338891;1.414574839113783;1.414740885498082
2007.10.08;1.4149;1.4151;1.4035;1.4055;0.006260443671316589;1.4124271953647334;1.4146891626399003
2007.10.09;1.4054;1.4113;1.4014;1.4104;0.006313485469392196;1.4095418490854759;1.4103314132113323
2007.10.10;1.4103;1.417;1.4092;1.414;0.006337497116346304;1.4081538624176602;1.4097881476809737
2007.10.11;1.4141;1.424;1.4134;1.4199;0.006342011090050167;1.4103154870362633;1.4117986682064216
2007.10.12;1.42;1.4212;1.4154;1.4177;0.006350341228673443;1.4144562448039102;1.4159570902926928
2007.10.15;1.4174;1.4242;1.4161;1.4211;0.006354529787097872;1.4160707027537065;1.416614990689247
2007.10.16;1.4212;1.4225;1.4142;1.4172;0.006369138489669487;1.418565269777471;1.4183356941863627
2007.10.17;1.4171;1.4229;1.4156;1.4215;0.006393274105759929;1.4189096000861972;1.417510783239827
2007.10.18;1.4214;1.4309;1.4195;1.4285;0.006380190640076248;1.4200823816519812;1.420176363120373
2007.10.19;1.4284;1.4318;1.4244;1.43;0.006372042009591644;1.423160520400205;1.4243924494127285
2007.10.22;1.4332;1.4348;1.4125;1.4174;0.006345254296494609;1.4258542613746652;1.4269604526815485
2007.10.23;1.4176;1.4278;1.417;1.4263;0.006466616887559948;1.4239918079958476;1.422276527903181
2007.10.24;1.4261;1.4268;1.4187;1.4261;0.006445944603843328;1.424375342308565;1.424880564436818
2007.10.25;1.426;1.4343;1.4247;1.433;0.006445075907833673;1.4240492102077813;1.4255085240306056
2007.10.26;1.4328;1.4393;1.4316;1.4392;0.006431326392087553;1.4275125189923643;1.4299722085062856
2007.10.29;1.4411;1.4436;1.4376;1.4419;0.00638853671302834;1.4315587432148391;1.4342722559088923
2007.10.30;1.4417;1.444;1.4373;1.4437;0.006348240785256974;1.4362125318809418;1.4374706793011922
2007.10.31;1.4435;1.4503;1.4418;1.4471;0.006312859428335234;1.4392901400734242;1.4404144525193365
2007.11.01;1.447;1.4476;1.4403;1.4426;0.00627054952649321;1.4436440820343024;1.4447659142576814
2007.11.02;1.4424;1.4527;1.442;1.4504;0.006260231741355163;1.4440145379324052;1.4442048045241158
2007.11.05;1.4517;1.4518;1.4442;1.4474;0.006237438923662371;1.4469187357831668;1.4476119766195825
2007.11.06;1.4472;1.4569;1.4468;1.4564;0.006212606686374364;1.4474826955194597;1.4475885992195432
2007.11.07;1.4563;1.4728;1.4553;1.4628;0.006172266991699472;1.4507868422510748;1.4524462848884419
2007.11.08;1.4627;1.4703;1.4619;1.4674;0.006170513856598012;1.457086428754666;1.458041101715444
2007.11.09;1.4673;1.4751;1.4632;1.4677;0.006117424557206329;1.461725878001214;1.4627943242616437
2007.11.12;1.4647;1.4667;1.4525;1.4529;0.0061068573618255255;1.4654704146139528;1.4653540544778998
2007.11.13;1.453;1.4632;1.452;1.4616;0.006163978263854547;1.4624359222160783;1.4598712258881381
2007.11.14;1.4615;1.4725;1.4612;1.4649;0.006156782198268131;1.4617324830059064;1.4615285242920086
2007.11.15;1.465;1.4702;1.4604;1.4614;0.006156443492479427;1.4639483364745836;1.4639579312517912
2007.11.16;1.4615;1.4671;1.458;1.4661;0.006156333526751555;1.463493485663212;1.4628686017707728
2007.11.19;1.4667;1.4686;1.462;1.4667;0.00614173330412593;1.463407552763079;1.4641993803403848
2007.11.20;1.4666;1.4851;1.4635;1.4836;0.006112166444262007;1.4645266979311387;1.465668797758256
2007.11.21;1.4835;1.4869;1.4775;1.4847;0.00615557762845278;1.4714096818783586;1.4751134045967986
2007.11.22;1.4846;1.4872;1.4821;1.4846;0.006143332746188629;1.4766783311552305;1.4803220907512447
2007.11.23;1.4847;1.4966;1.4783;1.4836;0.006104209657858979;1.4804984672629824;1.4820532721283897
2007.11.26;1.4826;1.4886;1.4804;1.4864;0.0061615832235528455;1.48458180558036;1.4823642396075165
2007.11.27;1.4866;1.4906;1.4808;1.4828;0.006127974459111282;1.4858990908661658;1.485035209719852
2007.11.28;1.4829;1.4857;1.4711;1.4831;0.006123201917842772;1.4856446883500891;1.4849337654846853
2007.11.29;1.4832;1.4842;1.4722;1.4747;0.006162547216535193;1.4834287637768695;1.4845655433802647
2007.11.30;1.4746;1.4784;1.4627;1.4638;0.0062068754859164535;1.4801267977964023;1.4798063663446057
2007.12.03;1.4649;1.4707;1.462;1.4668;0.006294316365910546;1.474298211595306;1.4726787946307063
2007.12.04;1.4667;1.4767;1.4635;1.4765;0.006296815495798817;1.4701453628406125;1.4700149477239397
2007.12.05;1.4764;1.4769;1.459;1.4616;0.006343628459433426;1.4705441340654144;1.4733957448730293
2007.12.06;1.4615;1.4651;1.4524;1.4639;0.006490687260927991;1.4672612626459616;1.4675902355071038
2007.12.07;1.4638;1.467;1.4598;1.4657;0.006574619443474685;1.463600249185207;1.4651850567689895
2007.12.10;1.4654;1.4735;1.4639;1.4721;0.006617567247842457;1.4633783946232564;1.464854292819373
2007.12.11;1.472;1.475;1.4639;1.4656;0.00665852548711741;1.4666192835990686;1.4683949706493662
2007.12.12;1.4657;1.4748;1.465;1.4711;0.00672786219555461;1.4670446138386377;1.4667213153948038
2007.12.13;1.471;1.4736;1.4577;1.4618;0.006755875321724698;1.4685130780168156;1.4683867974576514
2007.12.14;1.4619;1.4655;1.441;1.4429;0.006882111320566395;1.4667543867298374;1.4639706954595604
2007.12.17;1.4404;1.4453;1.4331;1.4412;0.007111979774930169;1.4590994135057276;1.4544963845198946
2007.12.18;1.441;1.4434;1.4366;1.4408;0.007202466544159434;1.449458642588687;1.448310158306284
2007.12.19;1.4409;1.4422;1.4325;1.4371;0.007260305596092392;1.4442761447142503;1.4442790253174798
2007.12.20;1.4374;1.439;1.4309;1.4319;0.007348724630973721;1.439867723786449;1.4400133452449302
2007.12.21;1.4318;1.4409;1.4318;1.4381;0.007410976179024064;1.4354864358717057;1.4357652902090294
2007.12.24;1.4371;1.4412;1.437;1.4406;0.007468068086223824;1.4351678798315008;1.4358618234057825
2007.12.26;1.4439;1.4502;1.4427;1.448;0.00750012350028;1.4368649570045993;1.4373574912626679
2007.12.27;1.4481;1.4636;1.4466;1.4609;0.007522270640056575;1.441756947664597;1.4429599127694253
2007.12.28;1.4607;1.4726;1.4589;1.4719;0.007588018544342027;1.449309216673124;1.4513228598669143
2007.12.31;1.4718;1.4745;1.4579;1.4599;0.0076114861540724985;1.4587520411852977;1.4600263650259373
2008.01.02;1.4661;1.4748;1.4643;1.4721;0.007699760212118285;1.4620832859422725;1.4593805663668393
2008.01.03;1.4724;1.478;1.4686;1.4742;0.007625310143150618;1.4676429681748802;1.4662104807430638
2008.01.04;1.4743;1.4823;1.4695;1.474;0.0075709112865885875;1.471422157107303;1.4701702313658431
2008.01.07;1.4746;1.4749;1.4656;1.4685;0.007546010222964266;1.4742185319646235;1.4730406102364375
2008.01.08;1.4684;1.4741;1.4677;1.4707;0.007503581748590517;1.4723246209224563;1.4711642705233965
2008.01.09;1.4708;1.4741;1.4638;1.4658;0.00742926059389824;1.4719910428019136;1.4715637389373055
2008.01.10;1.4659;1.4812;1.464;1.4807;0.007419817040983504;1.47009402822809;1.4694175455098113
2008.01.11;1.4808;1.4819;1.476;1.4776;0.007406109282669555;1.4729586169761986;1.4764900247083996
2008.01.14;1.4807;1.4914;1.4796;1.4862;0.007358210774274818;1.4746542509114644;1.4769760253529114
2008.01.15;1.4864;1.4921;1.4775;1.4776;0.007340868203983923;1.480319053413803;1.4814371092366447
2008.01.16;1.4777;1.4858;1.4593;1.4652;0.007387636041187539;1.4814989266401977;1.4794858181303017
2008.01.17;1.465;1.4714;1.4589;1.4642;0.007591034673978091;1.4766583612224145;1.4733007470690485
2008.01.18;1.4639;1.4694;1.4602;1.462;0.007656059428978164;1.4714210068333526;1.4689552099873826
2008.01.21;1.4596;1.4601;1.4421;1.443;0.007702299208720281;1.467679072011141;1.4659975863447723
2008.01.22;1.4429;1.4683;1.4365;1.4669;0.007890267199454543;1.457386691025731;1.4545373446482677
2008.01.23;1.4668;1.4669;1.451;1.4631;0.008078388825271666;1.4569414996874268;1.4610452347943133
2008.01.24;1.463;1.4778;1.459;1.4756;0.0081878902584776;1.456855309779118;1.4606152631366878
2008.01.25;1.4757;1.4777;1.466;1.4681;0.008280126442124442;1.4631688159596203;1.4681140254956855
2008.01.28;1.4689;1.4798;1.4661;1.4788;0.008326305400537675;1.466088830833428;1.4675198902220197
2008.01.29;1.4787;1.4793;1.4737;1.4767;0.008370942737586892;1.471134445160813;1.4726801901932174
2008.01.30;1.4768;1.4906;1.4754;1.4854;0.00836629711344482;1.474646925578812;1.473439110435269
2008.01.31;1.4858;1.4913;1.4801;1.4848;0.008388366745160091;1.4801850182489056;1.4804551802444657
2008.02.01;1.4849;1.4951;1.4786;1.4801;0.00838298538889015;1.482724659265936;1.4821450363156512
2008.02.04;1.4797;1.4847;1.4792;1.4828;0.008432778821324215;1.484289996551436;1.4816145864011325
2008.02.05;1.4826;1.4831;1.4621;1.4647;0.008319020528835666;1.4840136005741;1.4820055324845243
2008.02.06;1.4646;1.467;1.4591;1.4621;0.008468187997026288;1.4776692924364003;1.4749372910611358
2008.02.07;1.4622;1.4651;1.4438;1.4493;0.00846198511580586;1.4705757179403978;1.4693797935325257
2008.02.08;1.449;1.4546;1.445;1.4501;0.008668349492773782;1.4612397881292547;1.4600084330329925
2008.02.11;1.4523;1.4576;1.448;1.4517;0.008726715355952718;1.4548422058458996;1.4548753460291273
2008.02.12;1.4516;1.4614;1.4496;1.4575;0.008780727836502113;1.4520646458365045;1.453090994325397
2008.02.13;1.4576;1.4597;1.4531;1.457;0.00882978908038916;1.4531817999584007;1.4548599147059704
2008.02.14;1.4571;1.4648;1.4547;1.4641;0.008873268875512368;1.4536425612161803;1.4548404654540608
2008.02.15;1.4639;1.4707;1.463;1.4681;0.008917094414974213;1.4575181492120635;1.4590292371799112
2008.02.18;1.4672;1.469;1.4609;1.4653;0.008937875573543827;1.4623516722782466;1.4629780612595569
2008.02.19;1.4652;1.4756;1.4641;1.4728;0.008973830120294807;1.4642338763250062;1.4635318761268286
2008.02.20;1.4727;1.473;1.4613;1.4712;0.008976048148896318;1.468100843252307;1.4680931967731508
2008.02.21;1.4713;1.4837;1.4702;1.482;0.008995051659295785;1.4689259423485466;1.4689567490132338
2008.02.22;1.4819;1.4861;1.4788;1.4826;0.008962307961654328;1.4742911448245009;1.4758198707729002
2008.02.25;1.4833;1.4844;1.4794;1.4828;0.008864994270705346;1.4782591146570534;1.4793773453884447
2008.02.26;1.4827;1.5047;1.4778;1.501;0.008755646066946385;1.4805294460909817;1.4811334262059053
2008.02.27;1.5011;1.5142;1.4981;1.5117;0.008814703525924455;1.4882712609337796;1.491300588267677
2008.02.28;1.5116;1.5228;1.5072;1.5188;0.008746773551057197;1.498148111348128;1.5017513621239427
2008.02.29;1.5187;1.5238;1.5143;1.5178;0.008691984892970272;1.507131176548221;1.510233262342219
2008.03.03;1.5207;1.5273;1.5158;1.5198;0.008577161612738596;1.5134499880186225;1.514241194204382
2008.03.04;1.5197;1.5248;1.5172;1.52;0.00848213570834792;1.51854837478085;1.5175105739205592
2008.03.05;1.5202;1.5301;1.5145;1.5274;0.008369068992686569;1.5211691008251351;1.519767178987592
2008.03.06;1.5273;1.5394;1.5267;1.5388;0.008313521135098902;1.5233656676087783;1.5251366292904731
2008.03.07;1.5389;1.5463;1.5313;1.5354;0.00822199959299821;1.529158331708002;1.5323678846380335
2008.03.10;1.5397;1.5403;1.5312;1.5368;0.008191265987389668;1.5332993962968942;1.5346082270175696
2008.03.11;1.5366;1.5493;1.5281;1.5342;0.008075946935563181;1.5351993495493883;1.5362286934400449
2008.03.12;1.5341;1.5571;1.5334;1.553;0.008126134147077354;1.5368436422929053;1.5365775147678127
2008.03.13;1.5529;1.5644;1.5522;1.5609;0.008159694953939534;1.5431695053130694;1.5454200968649916
2008.03.14;1.561;1.5687;1.5531;1.5673;0.008100313870940505;1.550520618338699;1.553323452817684
2008.03.17;1.5704;1.5902;1.5685;1.5716;0.008072924709485976;1.5566666746516318;1.5600629975481735
2008.03.18;1.5715;1.5832;1.5613;1.5638;0.008085973207675366;1.5668210619180998;1.5658275923093865
2008.03.19;1.5636;1.5786;1.5581;1.5641;0.008155283443134528;1.5692785911262388;1.5653636695481192
2008.03.20;1.5642;1.5645;1.5396;1.5446;0.008202892617850423;1.5692635616967059;1.5661557518476323
2008.03.21;1.5445;1.5472;1.5405;1.5432;0.00840514372929345;1.5608182682803244;1.556912000910984
2008.03.24;1.541;1.5455;1.5342;1.5409;0.008379315375323843;1.553259751362045;1.5514120928253539
2008.03.25;1.541;1.5658;1.5409;1.563;0.008411221530065072;1.546430221487622;1.5469240691685722
2008.03.26;1.5628;1.5859;1.5584;1.5832;0.00849044474430291;1.5505751807962371;1.555345911948857
2008.03.27;1.5834;1.5845;1.5726;1.5811;0.00860546345871001;1.561190248196996;1.5679638489167762
2008.03.28;1.5812;1.5838;1.5741;1.5794;0.008599124656929627;1.5688811685060453;1.5734950743421148
2008.03.31;1.5806;1.5896;1.5759;1.5761;0.008576343828899087;1.5742168228495577;1.5759316439841358
2008.04.01;1.5762;1.5785;1.5563;1.5622;0.008619138098743371;1.5790750794631083;1.576634342865918
2008.04.02;1.5621;1.5701;1.5532;1.5686;0.008828842161793485;1.5742169095398988;1.5705411431013576
2008.04.03;1.5683;1.5687;1.551;1.5681;0.008918412393481215;1.5702824441111713;1.5699889888375003
2008.04.04;1.5682;1.5773;1.5637;1.5737;0.009014868243456762;1.5664154586541654;1.5690417709950077
2008.04.07;1.5729;1.5736;1.5626;1.5704;0.008997382058844821;1.5685180362366247;1.5717150016006551
2008.04.08;1.5703;1.5798;1.5674;1.5703;0.008952451100509488;1.5677849874961283;1.5714977914866963
2008.04.09;1.5702;1.5864;1.5683;1.5836;0.008944715586635777;1.569739304167716;1.5711723800049007
2008.04.10;1.5835;1.5913;1.5725;1.5743;0.009022955002783993;1.5747540853667152;1.5767237939573546
2008.04.11;1.5742;1.5855;1.5738;1.5807;0.00916327362723541;1.5769442797291595;1.5762012326584478
2008.04.14;1.5704;1.5884;1.5671;1.5835;0.009180314916001756;1.578543314687319;1.5783312799782723
2008.04.15;1.5834;1.5874;1.5752;1.5786;0.009313983950400043;1.579664836273715;1.5802765576733906
2008.04.16;1.5785;1.5978;1.5759;1.5942;0.009343749881136258;1.5804105154080104;1.5796495732478315
2008.04.17;1.5943;1.5983;1.5846;1.5892;0.0093925127053442;1.58509602701922;1.587021218180237
2008.04.18;1.5891;1.5956;1.571;1.5816;0.00939535876110731;1.587367037469137;1.5882049998909487
2008.04.21;1.5811;1.5945;1.579;1.5908;0.009597653350686783;1.5854287954050355;1.5849696767173351
2008.04.22;1.5906;1.6019;1.5834;1.5997;0.009588596489341112;1.587482255129381;1.5884582406409171
2008.04.23;1.5995;1.5998;1.5859;1.5883;0.009636973747499646;1.5910961195606386;1.5940755977047008
2008.04.24;1.5882;1.5889;1.5638;1.568;0.009697621550793628;1.590994839661178;1.5916254998831936
2008.04.25;1.5681;1.5707;1.5554;1.5629;0.009965383536553386;1.583017571075063;1.580909108088915
2008.04.28;1.5612;1.5693;1.5592;1.5653;0.0100909262466573;1.5740823831382595;1.57196400670085
2008.04.29;1.5652;1.5659;1.5539;1.5565;0.010140266345387807;1.5694111292377435;1.569529834526698
2008.04.30;1.5566;1.5643;1.5516;1.5618;0.010227544762134251;1.563317124523044;1.56384849149882
2008.05.01;1.5619;1.5643;1.5429;1.5468;0.010310605166531012;1.5599414591170215;1.5623792360416717
2008.05.02;1.5469;1.5498;1.536;1.5423;0.010606285241642964;1.5547148635973078;1.5531707141097415
2008.05.05;1.5429;1.5519;1.5423;1.5498;0.01077894808626658;1.548637986464261;1.547584800738753
2008.05.06;1.5499;1.5594;1.5451;1.5531;0.010828442598701124;1.5477343828931078;1.548784437919095
2008.05.07;1.5532;1.5538;1.5365;1.5396;0.010963361292733925;1.5492866086695316;1.5504686140251012
2008.05.08;1.5398;1.544;1.5284;1.5404;0.011217489862571622;1.5457409205326733;1.5434173449230206
2008.05.09;1.5403;1.5489;1.5393;1.548;0.011374382399246511;1.5418343383274389;1.5410733093246758
2008.05.12;1.5457;1.5569;1.5365;1.5539;0.011382391080020897;1.5433983468549037;1.5438540138333061
2008.05.13;1.554;1.5565;1.543;1.5468;0.011545027231536966;1.5462041427932751;1.5487843400555523
2008.05.14;1.5469;1.5485;1.5396;1.5476;0.011604528786633334;1.5466113568618807;1.5477740275914929
2008.05.15;1.5475;1.5546;1.5419;1.5442;0.011594066449125067;1.545960021836797;1.5463379976919316
2008.05.16;1.5445;1.5601;1.5437;1.5576;0.011644346067809905;1.5470424515068666;1.5447817724009265
2008.05.19;1.5596;1.5632;1.5487;1.5518;0.011648229862198328;1.550779877808917;1.5519462181736952
2008.05.20;1.5519;1.568;1.5503;1.5653;0.011679602760023822;1.552024991176804;1.5521016375132033
2008.05.21;1.5652;1.5797;1.5631;1.5794;0.011710774259214586;1.5567068054094466;1.5577890231849014
2008.05.22;1.5793;1.5813;1.5691;1.5723;0.011655941166121857;1.5652600162583616;1.5675223539278245
2008.05.23;1.5724;1.5794;1.5696;1.5761;0.011597664084545198;1.5697416596242812;1.5705361987121167
2008.05.26;1.5769;1.5791;1.5741;1.5773;0.01146122789144721;1.5730493429686143;1.573481863620628
2008.05.27;1.5774;1.5818;1.5671;1.5678;0.011288722349654863;1.5757011241520766;1.5755972098048037
2008.05.28;1.5677;1.576;1.5609;1.5646;0.011328010445693312;1.5749271847799828;1.5724879022432994
2008.05.29;1.5647;1.5663;1.5485;1.5511;0.011331545840714845;1.5719289355736172;1.5700196447848869
2008.05.30;1.5512;1.5567;1.5462;1.5554;0.01145296421171277;1.5638890604031044;1.5614793904514106
2008.06.02;1.5561;1.5588;1.5486;1.5539;0.01143959468582359;1.5586001946576589;1.5588626378030568
2008.06.03;1.554;1.5628;1.541;1.5433;0.011416598875334305;1.5556595698000162;1.5571186387047833
2008.06.04;1.5435;1.5483;1.5419;1.5426;0.011628174239395982;1.5515162455197005;1.5507655782879524
2008.06.05;1.5427;1.56;1.5365;1.5581;0.011629313277476502;1.5470473363373036;1.5458102858220457
2008.06.06;1.5583;1.5777;1.5571;1.5777;0.011827512659721146;1.549034287817633;1.5513163121433915
2008.06.09;1.5791;1.5843;1.5618;1.5641;0.011914906873317801;1.5590431909537066;1.563753043344923
2008.06.10;1.564;1.5653;1.544;1.5456;0.012134036497084139;1.5634898223757396;1.5634934361078685
2008.06.11;1.5458;1.5584;1.5453;1.5555;0.012388520333049434;1.558204182340656;1.5539091102935905
2008.06.12;1.5556;1.5565;1.5378;1.545;0.012411205030763577;1.5570968530626457;1.5540162033406533
2008.06.13;1.5452;1.5483;1.5302;1.5379;0.012590011558566087;1.5528750913048721;1.5504577949723923
2008.06.16;1.5404;1.5518;1.5343;1.5467;0.01274084926216189;1.5456872543637412;1.54559818403643
2008.06.17;1.5468;1.5552;1.5461;1.5505;0.01280558827132561;1.543889524527415;1.5453026872281732
2008.06.18;1.5506;1.5538;1.5462;1.5527;0.012755377668880378;1.546248533190337;1.546640900398743
2008.06.19;1.5528;1.5586;1.5466;1.5501;0.012642962607465589;1.548156271403671;1.5494973398502523
2008.06.20;1.55;1.5651;1.5491;1.5606;0.01260379907630969;1.5495827056769085;1.5507904094326577
2008.06.23;1.5628;1.5628;1.5468;1.5515;0.012663826776230451;1.5540886666932128;1.5548256701823489
2008.06.24;1.5517;1.5622;1.5491;1.5569;0.012817565789360053;1.5542823289842806;1.5525845029094305
2008.06.25;1.557;1.5687;1.5537;1.5665;0.012790442057006727;1.5555317314022363;1.5552733112428085
2008.06.26;1.5664;1.5766;1.5628;1.5751;0.012749027321484238;1.5594171722859138;1.5601860679833133
2008.06.27;1.5752;1.5791;1.5719;1.5791;0.012671044890287225;1.5654849238738324;1.5672223346069667
2008.06.30;1.5777;1.5836;1.5731;1.5754;0.012458565594887016;1.5707352329833553;1.5729187404250986
2008.07.01;1.5753;1.5826;1.5723;1.5794;0.012342301924589096;1.5743290872606064;1.5745083216368008
2008.07.02;1.5793;1.589;1.5777;1.589;0.01223337331456022;1.5770470720742698;1.5769121208077383
2008.07.03;1.5889;1.5908;1.5682;1.5696;0.012092050341548696;1.5817335077636283;1.5836595795603758
2008.07.04;1.5694;1.5727;1.5655;1.5706;0.012259450541429455;1.5794270784228912;1.577920599068989
2008.07.07;1.5692;1.5753;1.5611;1.5722;0.012141959448024181;1.5754142583174287;1.5747377862609337
2008.07.08;1.5723;1.5739;1.5634;1.5665;0.012130810254241285;1.5728458785033115;1.5739568011501652
2008.07.09;1.5664;1.575;1.565;1.5738;0.012092895623760928;1.5704716578266913;1.5711740481988508
2008.07.10;1.5739;1.5801;1.5691;1.5784;0.01200413475772119;1.5704010097681362;1.5728853654283679
2008.07.11;1.5785;1.5945;1.5764;1.5937;0.011956642568007258;1.5722659304565425;1.5752771439273465
2008.07.14;1.5964;1.5964;1.5841;1.5902;0.01198968690442929;1.579632026857313;1.5833758283661565
2008.07.15;1.5901;1.6038;1.5865;1.5912;0.011963901921894478;1.5846582035247234;1.5866723099238977
2008.07.16;1.591;1.5948;1.58;1.5819;0.011992984648035235;1.589274032959159;1.5892445507613422
2008.07.17;1.5818;1.5893;1.5783;1.5857;0.012062107921747684;1.5883611672227087;1.585158653771383
2008.07.18;1.5856;1.5887;1.5807;1.5847;0.012023148600709441;1.5876569834449348;1.5861125128498355
2008.07.21;1.5842;1.5931;1.5828;1.5925;0.01191987664123469;1.586562643406472;1.5858413275404355
2008.07.22;1.5924;1.5944;1.5758;1.5786;0.011817160841169903;1.5879861076902446;1.5895486825910972
2008.07.23;1.5787;1.5797;1.567;1.5684;0.011942005416777519;1.5850436286752447;1.5842656598810598
2008.07.24;1.5683;1.5713;1.5628;1.5678;0.01198444427590311;1.5787902961749656;1.5771830245439584
2008.07.25;1.5677;1.5753;1.5661;1.5709;0.011952643319089773;1.5734201083942094;1.5728725327743456
2008.07.28;1.5696;1.5768;1.5683;1.5738;0.011939890645943078;1.5719453847371894;1.5727441857364357
2008.07.29;1.574;1.5758;1.5553;1.5583;0.011913199359756897;1.5715193806617374;1.5730504929209934
2008.07.30;1.5585;1.5615;1.5521;1.5577;0.012182116425391782;1.566679661576352;1.5651326318002063
2008.07.31;1.5574;1.57;1.557;1.5597;0.012231462300911987;1.561865945496572;1.5604858773242996
2008.08.01;1.5596;1.5598;1.5515;1.5563;0.012302674570847364;1.5619900695901963;1.5602648978519285
2008.08.04;1.5574;1.5631;1.5553;1.5571;0.012320604739121324;1.5586080461587768;1.5584930566157038
2008.08.05;1.557;1.5575;1.5445;1.5449;0.01231387462658485;1.5577749083811163;1.5572551424959067
2008.08.06;1.545;1.5516;1.5398;1.5413;0.01246439008456056;1.5532828690765792;1.5499658385284414
2008.08.07;1.5412;1.5502;1.531;1.5323;0.012560669459648705;1.5489139809791923;1.5452953341119016
2008.08.08;1.5324;1.5334;1.4997;1.5005;0.012788906129001004;1.543160185668824;1.5392932685167644
2008.08.11;1.4943;1.5083;1.4879;1.4892;0.01342299688317477;1.526840805554981;1.5201915120399676
2008.08.12;1.4893;1.4964;1.4815;1.4913;0.013824667504434928;1.510520765877541;1.5036678607731242
2008.08.13;1.4914;1.4977;1.4841;1.4921;0.014060363758885799;1.4987859179139096;1.496812253130065
2008.08.14;1.4922;1.4949;1.4777;1.4802;0.014259163557943388;1.4928946962070402;1.4936278693466452
2008.08.15;1.4805;1.4806;1.466;1.4689;0.014597903538138786;1.486050789568328;1.4853995111989127
2008.08.18;1.4684;1.4767;1.4673;1.4678;0.01491080538918633;1.4770744509608327;1.4750098136339491
2008.08.19;1.4677;1.4794;1.4629;1.4781;0.01513604576322522;1.4730401039492433;1.4692718466882357
2008.08.20;1.4783;1.4805;1.4672;1.4743;0.01537152304951998;1.4730217652795639;1.4735861704731315
2008.08.21;1.4742;1.4908;1.4731;1.4896;0.015570800907449006;1.4722399632759973;1.4732289349320316
2008.08.22;1.4895;1.49;1.4758;1.4792;0.015715192957025954;1.4779573839753168;1.4791240041771743
2008.08.25;1.4789;1.4807;1.4696;1.4753;0.01584842445447728;1.4795475341373232;1.4769719934419987
2008.08.26;1.4754;1.4759;1.4571;1.4643;0.01586583281130625;1.4780835605267189;1.475752309905875
2008.08.27;1.4644;1.4776;1.4633;1.4715;0.016030307889647284;1.4726279708951695;1.4704759240887644
2008.08.28;1.4716;1.4811;1.4671;1.4693;0.016040133543614995;1.472339231738077;1.471181840921195
2008.08.29;1.4694;1.4767;1.464;1.4678;0.01607075988512016;1.471797863529224;1.4694556398072538
2008.09.01;1.4707;1.4723;1.4581;1.4586;0.016015953752803194;1.4700301654207266;1.4686578537856776
2008.09.02;1.4587;1.4599;1.4464;1.4513;0.016049273129854633;1.466038705841454;1.4626504238742069
2008.09.03;1.4512;1.4528;1.4383;1.449;0.016110352443283345;1.4597634375379809;1.4573740338327177
2008.09.04;1.4491;1.4542;1.4209;1.4239;0.01619753935726291;1.4529880011483058;1.453709909753149
2008.09.05;1.424;1.4348;1.4196;1.4267;0.016831952358778223;1.4423022526517828;1.4392772571954218
2008.09.08;1.4377;1.4428;1.4053;1.4117;0.016988737480915797;1.433873662078077;1.431960925725817
2008.09.09;1.4118;1.4226;1.4046;1.4106;0.017681966362631793;1.4255689235733808;1.4207022697339182
2008.09.10;1.4107;1.4179;1.3953;1.3965;0.01789625658318581;1.4179006110739436;1.4149539500060482
2008.09.11;1.397;1.404;1.3881;1.4018;0.01832420210262138;1.408887294849883;1.4048341906447386
2008.09.12;1.4012;1.4231;1.3971;1.4224;0.018544765202028194;1.4027009549669502;1.4023896531134945
2008.09.15;1.4293;1.4481;1.4084;1.4273;0.018846761151277976;1.407227352173103;1.4111963005696107
2008.09.16;1.4276;1.4282;1.4071;1.4096;0.01941916033790865;1.4167511585236758;1.4184668193956507
2008.09.17;1.41;1.4384;1.4094;1.4323;0.01971074851481174;1.4145898102860406;1.4118955284796126
2008.09.18;1.4328;1.4542;1.4278;1.4324;0.019851102761695324;1.4220274132550905;1.4207946346332236
2008.09.19;1.4323;1.4498;1.415;1.4467;0.019970792977083356;1.4309020909474854;1.4264173272457459
2008.09.22;1.449;1.4867;1.4436;1.4798;0.020184431391955842;1.435379581737098;1.4366879213631842
2008.09.23;1.4796;1.4825;1.4622;1.4671;0.020294831630010345;1.4521632820323422;1.457844399548377
2008.09.24;1.467;1.4746;1.4603;1.4613;0.020149852645276124;1.4610461430535093;1.4603875447575068
2008.09.25;1.4612;1.4767;1.4561;1.4617;0.01980394116029019;1.4651747814370806;1.4611879375007955
2008.09.26;1.4615;1.4677;1.4554;1.4613;0.019469463664817884;1.4668009600201526;1.4639993743183517
2008.09.29;1.4517;1.4575;1.4302;1.4417;0.019126090876415064;1.4657578112609206;1.4637229398741916
2008.09.30;1.4418;1.4426;1.4008;1.4114;0.01941956210732894;1.4555488181851943;1.4543802740771528
2008.10.01;1.4113;1.4174;1.3975;1.4008;0.020056385126132142;1.4365773300941203;1.4350942469758976
2008.10.02;1.4009;1.4024;1.3747;1.38;0.02024426282260447;1.4199493874827231;1.4178398447933946
2008.10.03;1.3801;1.3906;1.3702;1.3771;0.020748943584640515;1.4013619540421653;1.3993839521078613
2008.10.06;1.3637;1.3678;1.3443;1.3483;0.020949116371417966;1.3874483251868492;1.3888950263070934
2008.10.07;1.3486;1.3743;1.3483;1.3617;0.021705819167263354;1.3670483005166496;1.366369973453233
2008.10.08;1.3616;1.3756;1.3544;1.3631;0.02226194354838098;1.362503753829572;1.3628717342261232
2008.10.09;1.3632;1.3785;1.3577;1.3598;0.022741260630519084;1.360749669000429;1.3607528270749296
2008.10.10;1.3597;1.3649;1.3258;1.3408;0.0231940505404861;1.3615043553482211;1.3595019564487532
2008.10.13;1.358;1.3682;1.3456;1.3596;0.024286026902257774;1.3521822717991638;1.347377791615004
2008.10.14;1.3595;1.3768;1.359;1.3619;0.024514226437010376;1.3561659817534395;1.352137554821962
2008.10.15;1.362;1.3687;1.3449;1.3459;0.024676458522143018;1.3606949278434104;1.3553021700201109
2008.10.16;1.3461;1.3538;1.3345;1.348;0.024984148809714727;1.3570761585728384;1.3504489408439884
2008.10.17;1.3479;1.3517;1.3386;1.341;0.02504031887567856;1.3512916193457796;1.3473281420239698
2008.10.20;1.3405;1.353;1.3287;1.333;0.02497605381039161;1.3486474751729378;1.3430879756577292
2008.10.21;1.3331;1.3353;1.3051;1.3054;0.02516102813229742;1.343846741051512;1.3389420487008177
2008.10.22;1.3055;1.3077;1.2737;1.2825;0.025696028671945762;1.3287674677517005;1.323677277128717
2008.10.23;1.2826;1.3004;1.2727;1.2962;0.0265193208519184;1.308100385615718;1.3026607851284817
2008.10.24;1.2963;1.2973;1.2496;1.2622;0.026883118337975413;1.2993217421633487;1.298307813816195
2008.10.27;1.2576;1.2685;1.2334;1.2461;0.028168038553237004;1.2825486191914723;1.2819010612327353
2008.10.28;1.2463;1.2833;1.2329;1.2816;0.02911661266945716;1.263807257326049;1.2642555956622334
2008.10.29;1.2815;1.299;1.2626;1.2951;0.030037931318990015;1.26335045342421;1.2703605349127014
2008.10.30;1.295;1.329;1.2805;1.2875;0.030601401575157894;1.2721938678412126;1.279757473129203
2008.10.31;1.2874;1.2894;1.2667;1.2725;0.031493168168415166;1.2834143319974047;1.2830856453232111
2008.11.03;1.2769;1.2897;1.2575;1.2583;0.03165685181938755;1.2800838288376635;1.275236955476593
2008.11.04;1.2584;1.3048;1.2525;1.2994;0.032360692146124054;1.2769545582236617;1.2649083024329524
2008.11.05;1.2993;1.3115;1.2792;1.2927;0.032866191060964854;1.2852350267256756;1.2823149916229155
2008.11.06;1.293;1.2955;1.2675;1.2678;0.03285865492745558;1.2879573626953902;1.2890549154021809
2008.11.07;1.2677;1.285;1.2653;1.2717;0.03306430244911916;1.281352970209569;1.2764872970947205
2008.11.10;1.2816;1.2927;1.2718;1.275;0.03250353688033161;1.2789458602616004;1.2722971645031629
2008.11.11;1.2749;1.28;1.2506;1.2511;0.03196046791323442;1.2805400651029744;1.274139535004037
2008.11.12;1.251;1.2631;1.2436;1.2453;0.03210990744044829;1.2707157383241365;1.2663536524858034
2008.11.13;1.2454;1.2854;1.2389;1.2786;0.031955441342437094;1.2604044907298475;1.2574386317543187
2008.11.14;1.2785;1.2828;1.2571;1.2604;0.032413212943758034;1.2636681447122133;1.2654937405104132
2008.11.17;1.2537;1.2742;1.2512;1.2634;0.03248379664752895;1.2637166788377092;1.2628695836708579
2008.11.18;1.2635;1.27;1.2566;1.2636;0.032111274582112444;1.2625336489637586;1.26375169526708
2008.11.19;1.2637;1.2813;1.2472;1.2497;0.03158445100072289;1.2625903353072152;1.2624206506967672
2008.11.20;1.2492;1.2593;1.2434;1.2454;0.03212100137882592;1.262690999376714;1.2556122887831533
2008.11.21;1.2453;1.2638;1.2423;1.2587;0.03185156460266864;1.257294668374853;1.2517831140407594
2008.11.24;1.2608;1.2959;1.2563;1.2948;0.0315556788825666;1.2554169768574126;1.2557767860208615
2008.11.25;1.2944;1.308;1.2803;1.3056;0.03151993628019988;1.2679362394753124;1.271974800339823
2008.11.26;1.3057;1.3057;1.2819;1.2878;0.031071748058471762;1.2808563573836407;1.287598852846337
2008.11.27;1.2877;1.2968;1.286;1.2896;0.030671845671055672;1.2853369754321289;1.2866756829606136
2008.11.28;1.2899;1.2957;1.2646;1.269;0.02991014399519124;1.2899153259468532;1.2872232664269572
2008.12.01;1.2694;1.2712;1.2585;1.2616;0.030087799066630564;1.2867814039652656;1.2796529767322669
2008.12.02;1.2615;1.2765;1.2562;1.2719;0.029672934128544045;1.2773517579045315;1.2739554855436872
2008.12.03;1.2721;1.274;1.26;1.2712;0.02928041039876785;1.272385696016556;1.273508330606797
2008.12.04;1.2713;1.2847;1.2549;1.2771;0.02888877598855607;1.2690636936825712;1.2712441654753375
2008.12.05;1.2772;1.2798;1.2627;1.2717;0.028751108542355932;1.2688894739070795;1.274357947247689
2008.12.08;1.2723;1.2966;1.2714;1.2937;0.028280133619658306;1.26875762605304;1.2735537419268266
2008.12.09;1.2936;1.3;1.2799;1.2924;0.02800831104220026;1.2773375020955138;1.2829004610649073
2008.12.10;1.2925;1.3069;1.2903;1.302;0.02783538376775014;1.2840435020756262;1.2868813347478099
2008.12.11;1.3019;1.3403;1.3;1.3345;0.027400816856889203;1.2918549448028083;1.2946606667878144
2008.12.12;1.3342;1.3414;1.325;1.3367;0.027254315780142518;1.3087997815661179;1.311822674638982
2008.12.15;1.3394;1.3726;1.3392;1.3702;0.02667666352059883;1.3211169332160546;1.322676030861961
2008.12.16;1.3701;1.4147;1.3629;1.4047;0.026065236592120268;1.3409598364629325;1.345290632603596
2008.12.17;1.4048;1.4437;1.4008;1.4404;0.025700784316328974;1.3674675980488715;1.373813806473183
2008.12.18;1.4403;1.4719;1.4186;1.4266;0.025060280954702023;1.3972173287482825;1.4044461374851305
2008.12.19;1.4265;1.431;1.3822;1.3912;0.02496669287978411;1.4186557030960367;1.4161825168784854
2008.12.22;1.3924;1.4124;1.3902;1.3948;0.025091776514177565;1.414528044182176;1.406091824122886
2008.12.23;1.3947;1.4021;1.3915;1.3925;0.02444768067456041;1.4113708287522275;1.403377268488837
2008.12.24;1.3924;1.4018;1.3918;1.3968;0.023593222806885042;1.4058125794000602;1.402677394007087
2008.12.26;1.4062;1.4115;1.4018;1.4025;0.022743871629385973;1.4004518896515186;1.4027507230366147
2008.12.29;1.4073;1.436;1.3914;1.3958;0.022041118816005078;1.3997591846469135;1.403475088280529
2008.12.30;1.3957;1.4218;1.3939;1.4108;0.022282638394117833;1.402165933329971;1.4000093548184958
2008.12.31;1.4107;1.4145;1.3849;1.3917;0.022141557768209204;1.405307914594384;1.406096224549364
2009.01.02;1.3964;1.3986;1.384;1.392;0.02236889568106876;1.4004409581583044;1.4021640009817944
2009.01.05;1.3885;1.3962;1.3546;1.3628;0.022276476722812324;1.3971648773368515;1.3978083914938262
2009.01.06;1.3629;1.3658;1.3313;1.3498;0.023250518062984844;1.3853544869245342;1.3793163703652105
2009.01.07;1.35;1.3746;1.3432;1.3655;0.023938259950421713;1.3672073451652011;1.3646776703650745
2009.01.08;1.3656;1.3797;1.3533;1.3703;0.02426874012300872;1.3625530303560232;1.3644252776742367
2009.01.09;1.3704;1.375;1.3414;1.3477;0.024438227530240476;1.363273346771499;1.3666458022214263
2009.01.12;1.3461;1.3462;1.3289;1.3366;0.025041498135225174;1.3561748649623364;1.3566595230989906
2009.01.13;1.3364;1.337;1.314;1.318;0.025188598176146267;1.3463445023489207;1.3453201875176426
2009.01.14;1.3179;1.3336;1.3093;1.316;0.025767616002522902;1.3352728028325886;1.3307429469755687
2009.01.15;1.3164;1.3239;1.3026;1.3137;0.026278435252367758;1.3283315998861787;1.3242220013909323
2009.01.16;1.3136;1.3343;1.3136;1.3266;0.026605524637571664;1.319007396629723;1.3194624984104197
2009.01.19;1.3351;1.3385;1.3058;1.3061;0.026708028668136735;1.3203036680162643;1.320338173367792
2009.01.20;1.3062;1.3105;1.2855;1.2858;0.027354091083320778;1.317687517924203;1.3106339033519487
2009.01.21;1.2859;1.3085;1.2824;1.3066;0.027746277116252792;1.3061197446293573;1.2986685380459453
2009.01.22;1.3065;1.3082;1.2906;1.3017;0.027898245289511542;1.302881223970527;1.3028761311211452
2009.01.23;1.3016;1.3033;1.2764;1.2974;0.028044175210408553;1.301543670337327;1.3016934064932688
2009.01.26;1.2918;1.3236;1.2861;1.3206;0.028458581592098926;1.2967663487816956;1.2989949350670087
2009.01.27;1.3207;1.3329;1.3118;1.3183;0.028626740654024287;1.3024032661260894;1.3083605471400612
2009.01.28;1.3182;1.3326;1.3102;1.3152;0.028501297584427567;1.310330308258905;1.3104731049770686
2009.01.29;1.3151;1.3178;1.2932;1.2937;0.02837159960153574;1.315513265451704;1.312233948889557
2009.01.30;1.2938;1.294;1.2763;1.2811;0.028406153001639678;1.3094889339264508;1.30440847170492
2009.02.02;1.2751;1.2898;1.2706;1.2814;0.028479749075046426;1.2990745474588086;1.2927416764135227
2009.02.03;1.2815;1.3056;1.28;1.3016;0.028510287932502834;1.291777801292095;1.2880901475235018
2009.02.04;1.3015;1.3069;1.2812;1.2834;0.028267726866797772;1.292334722889488;1.2959735006712954
2009.02.05;1.2835;1.2904;1.276;1.2786;0.028414763436729617;1.2884728653552495;1.2884912169283596
2009.02.06;1.2787;1.2991;1.2746;1.2939;0.028139113391096433;1.2845741677674831;1.282276656847003
2009.02.09;1.29713;1.3093;1.28733;1.29995;0.027897226271737307;1.2870321110250513;1.2874192668733186
2009.02.10;1.30005;1.3074;1.28095;1.2907;0.027780738344647473;1.2929147471248261;1.2949611776380485
2009.02.11;1.2908;1.2996;1.2832;1.28855;0.02797322826110726;1.2926505241696775;1.2932747393011985
2009.02.12;1.28895;1.29425;1.272;1.28955;0.027814215725911026;1.2919288061087584;1.2895321833240954
2009.02.13;1.28945;1.29415;1.282;1.28615;0.02783005889368049;1.289831004516283;1.2875543595644732
2009.02.16;1.2792;1.2825;1.2726;1.27961;0.027415416271199415;1.2894669828844443;1.2883278967031109
2009.02.17;1.27952;1.27998;1.2562;1.25775;0.02698370471317605;1.283431676984014;1.285156227962042
2009.02.18;1.25785;1.264;1.2512;1.25538;0.027245853029168796;1.2742603123528065;1.2716367934989472
2009.02.19;1.25536;1.27595;1.25395;1.26875;0.027147985333052814;1.2660975662167193;1.263439340713138
2009.02.20;1.26865;1.2884;1.25565;1.28255;0.026978758762080172;1.2656126119646307;1.266874988949925
2009.02.23;1.28195;1.29911;1.2691;1.271;0.027108784836869314;1.2687927330889963;1.2745846497477065
2009.02.24;1.27085;1.2876;1.26616;1.28689;0.027344431063591697;1.2724265259569905;1.2718189759576266
2009.02.25;1.28681;1.28981;1.269;1.272;0.0271406385687813;1.2765887008961103;1.2771834374046807
2009.02.26;1.27204;1.28099;1.26815;1.2733;0.027172811542298295;1.2773715938556274;1.2738295747770314
2009.02.27;1.27333;1.27495;1.26035;1.26676;0.026875346249024663;1.2775793826731536;1.27484746027466
2009.03.02;1.26169;1.26308;1.25449;1.2556;0.026693191875745294;1.273311117576649;1.271296717853211
2009.03.03;1.25565;1.26767;1.25205;1.25422;0.026502443030071855;1.2659481485253465;1.2631133799093641
2009.03.04;1.25415;1.26631;1.2456;1.2648;0.02631047546742837;1.262028766545115;1.2589169881844042
2009.03.05;1.2649;1.2653;1.24801;1.25405;0.02606608422627646;1.260126763670756;1.2625533957041395
2009.03.06;1.254;1.27541;1.2536;1.26535;0.0259956246405105;1.2561638351376898;1.2583367910539915
2009.03.09;1.26746;1.27262;1.25549;1.25907;0.025830432347199814;1.2602116